{
    "type": "minecraft:crafting_shapeless",
    "ingredients": [
        "glowstone_dust",
        "blaze_powder",
        "glowstone_dust",
        "glowstone_dust",
        "glowstone_dust",
        "glowstone_dust",
        "glowstone_dust",
        "glowstone_dust",
        "glowstone_dust"
        
    ],
    "result": {
       "id":  "minecraft:light",
        "count": 2,
       "components": {
        "block_state": {
            "level": "15"
        }
       }
    }
}