{
  "type": "minecraft:clamp",
  "input": {
    "type": "minecraft:add",
    "argument1": {
      "type": "minecraft:add",
      "argument1": {
        "type": "minecraft:shifted_noise",
        "noise": "deeper_dark:ancient_dark/ancient_dark",
        "xz_scale": 2,
        "y_scale": 15,
        "shift_x": 0,
        "shift_y": {
          "type": "minecraft:mul",
          "argument1": {
            "type": "minecraft:noise",
            "noise": "deeper_dark:ancient_dark/ancient_dark",
            "xz_scale": 30,
            "y_scale": 0
          },
          "argument2": 30
        },
        "shift_z": 0
      },
      "argument2": 0
    },
    "argument2": {
      "type": "minecraft:y_clamped_gradient",
      "from_y": -30,
      "to_y": -63,
      "from_value": -0.3,
      "to_value": 0.5
    }
  },
  "min": -0.4,
  "max": 1
}