{
  "display": {
    "icon": {
      "id": "minecraft:cyan_shulker_box"
    },
    "title": {
      "text": "Is this a Shulker Box?",
      "bold": false
    },
    "description": {
      "text": "Transfer items from a chest to a bundle.",
      "color": "green"
    },
    "background": "minecraft:block/note_block",
    "frame": "task",
    "show_toast": true,
    "announce_to_chat": true,
    "hidden": false
  },
  "parent": "global:better_bundle",
  "criteria": {
    "c1": {
      "trigger": "minecraft:inventory_changed",
      "conditions": {
        "items": [
          {
            "items": "#minecraft:bundles",
            "predicates": {
              "minecraft:custom_data": {
                "storing": false
              }
            }
          }
        ]
      }
    }
  }
}