{
  "condition": "minecraft:any_of",
  "terms": [
    {
      "condition": "minecraft:value_check",
      "value": {
        "type": "minecraft:score",
        "target": {
          "type": "minecraft:fixed",
          "name": "$is_owner"
        },
        "score": "pk.temp"
      },
      "range": 1
    },
    {
      "condition": "minecraft:entity_properties",
      "entity": "this",
      "predicate": {
        "nbt": "{Tags:[\"pk.waystones.manager\"]}"
      }
    }
  ]
}
