{
  "type": "minecraft:gift",
  "pools": [
    {
      "rolls": 1,
      "bonus_rolls": 2,
      "entries": [
        {
          "type": "minecraft:item",
          "name": "minecraft:rabbit_hide",
          "weight": 25,
          "functions": [
            {
              "function": "minecraft:set_count",
              "count": {
                "min": 4,
                "max": 8
              },
              "add": false
            }
          ]
        },
        {
          "type": "minecraft:item",
          "name": "minecraft:leather",
          "weight": 25,
          "functions": [
            {
              "function": "minecraft:set_count",
              "count": {
                "min": 4,
                "max": 8
              },
              "add": false
            }
          ]
        },
        {
          "type": "minecraft:item",
          "name": "minecraft:item_frame",
          "weight": 20,
          "functions": [
            {
              "function": "minecraft:set_count",
              "count": {
                "min": 4,
                "max": 8
              },
              "add": false
            }
          ]
        },
        {
          "type": "minecraft:item",
          "name": "minecraft:bundle",
          "weight": 15
        },
        {
          "type": "minecraft:item",
          "name": "minecraft:leather_helmet",
          "weight": 15,
          "functions": [
            {
              "function": "minecraft:enchant_with_levels",
              "levels": {
                "min": 30,
                "max": 50
              },
              "options": "#village_hero:vanilla_enchantments"
            }
          ]
        },
        {
          "type": "minecraft:item",
          "name": "minecraft:leather_chestplate",
          "weight": 15,
          "functions": [
            {
              "function": "minecraft:enchant_with_levels",
              "levels": {
                "min": 30,
                "max": 50
              },
              "options": "#village_hero:vanilla_enchantments"
            }
          ]
        },
        {
          "type": "minecraft:item",
          "name": "minecraft:leather_leggings",
          "weight": 15,
          "functions": [
            {
              "function": "minecraft:enchant_with_levels",
              "levels": {
                "min": 30,
                "max": 50
              },
              "options": "#village_hero:vanilla_enchantments"
            }
          ]
        },
        {
          "type": "minecraft:item",
          "name": "minecraft:leather_boots",
          "weight": 15,
          "functions": [
            {
              "function": "minecraft:enchant_with_levels",
              "levels": {
                "min": 30,
                "max": 50
              },
              "options": "#village_hero:vanilla_enchantments"
            }
          ]
        },
        {
          "type": "minecraft:item",
          "name": "minecraft:cauldron",
          "weight": 10
        },
        {
          "type": "minecraft:item",
          "name": "minecraft:saddle",
          "weight": 10
        },
        {
          "type": "minecraft:item",
          "name": "minecraft:leather_horse_armor",
          "weight": 10
        },
        {
          "type": "minecraft:item",
          "name": "minecraft:red_harness",
          "weight": 1
        },
        {
          "type": "minecraft:item",
          "name": "minecraft:orange_harness",
          "weight": 1
        },
        {
          "type": "minecraft:item",
          "name": "minecraft:yellow_harness",
          "weight": 1
        },
        {
          "type": "minecraft:item",
          "name": "minecraft:lime_harness",
          "weight": 1
        },
        {
          "type": "minecraft:item",
          "name": "minecraft:green_harness",
          "weight": 1
        },
        {
          "type": "minecraft:item",
          "name": "minecraft:cyan_harness",
          "weight": 1
        },
        {
          "type": "minecraft:item",
          "name": "minecraft:light_blue_harness",
          "weight": 1
        },
        {
          "type": "minecraft:item",
          "name": "minecraft:blue_harness",
          "weight": 1
        },
        {
          "type": "minecraft:item",
          "name": "minecraft:purple_harness",
          "weight": 1
        },
        {
          "type": "minecraft:item",
          "name": "minecraft:magenta_harness",
          "weight": 1
        },
        {
          "type": "minecraft:item",
          "name": "minecraft:pink_harness",
          "weight": 1
        },
        {
          "type": "minecraft:item",
          "name": "minecraft:white_harness",
          "weight": 1
        },
        {
          "type": "minecraft:item",
          "name": "minecraft:light_gray_harness",
          "weight": 1
        },
        {
          "type": "minecraft:item",
          "name": "minecraft:gray_harness",
          "weight": 1
        },
        {
          "type": "minecraft:item",
          "name": "minecraft:black_harness",
          "weight": 1
        },
        {
          "type": "minecraft:item",
          "name": "minecraft:brown_harness",
          "weight": 1
        },
        {
          "type": "minecraft:item",
          "name": "minecraft:phantom_membrane",
          "weight": 4,
          "quality": 30,
          "functions": [
            {
              "function": "minecraft:set_count",
              "count": {
                "min": 1,
                "max": 4
              },
              "add": false
            }
          ]
        },
        {
          "type": "minecraft:item",
          "name": "minecraft:rabbit_foot",
          "weight": 4,
          "quality": 30,
          "functions": [
            {
              "function": "minecraft:set_count",
              "count": {
                "min": 1,
                "max": 4
              },
              "add": false
            }
          ]
        },
        {
          "type": "minecraft:item",
          "name": "minecraft:potion",
          "weight": 1,
          "quality": 50,
          "functions": [
            {
              "function": "minecraft:set_potion",
              "id": "minecraft:luck"
            }
          ]
        }
      ]
    }
  ],
  "random_sequence": "minecraft:gameplay/hero_of_the_village/leatherworker_gift"
}
