{
	"criteria": {
		"requirement": {
			"trigger": "minecraft:any_block_use",
			"conditions": {
				"player": [
					{
						"condition": "minecraft:entity_properties",
						"entity": "this",
						"predicate": {
							"slots": {
								"weapon.mainhand": {
									"items": "#minecraft:bundles"
								}
							}
						}
					}
				],
				"location": [
					{
						"condition": "minecraft:location_check",
						"predicate": {
							"block": {
								"blocks": "minecraft:chest",
								"nbt": "{Items:[{}]}"
							}
						}
					}
				]
			}
		}
	},
	"rewards": {
		"function": "bundle:new_bundle/bundle_chest"
	}
}