{
  "criteria": {
    "requirement": {
      "trigger": "minecraft:inventory_changed",
      "conditions": {
        "player": [
          {
            "condition": "minecraft:entity_properties",
            "entity": "this",
            "predicate": {
              "slots": {
                "weapon.mainhand": {
                  "predicates": {
                    "minecraft:custom_data": {"storing":false}
                  }
                }
              }
            }
          }
        ],
        "items": [
          {
            "predicates": {
              "minecraft:custom_data": {"storing":false}
            }
          }
        ]
      }
    }
  },
  "rewards": {
    "function": "bundle:replace"
  }
}