{
    "schema_version": 1,
    "quilt_loader": {
        "group": "com.modrinth",
        "id": "mr_upgraded_mobs",
        "version": "1.5.0",
        "metadata": {
            "name": "Upgraded Mobs",
            "description": "Adds new attacks and abilities to a variety of mobs.",
            "contributors": {
                "badooga": "Owner"
            },
            "contact": {
                "homepage": "https://modrinth.com/datapack/upgraded-mobs"
            },
            "icon": "upgraded-mobs_pack.png"
        },
        "intermediate_mappings": "net.fabricmc:intermediary",
        "depends": [
            {
                "id": "quilt_resource_loader",
                "versions": "*",
                "unless": "fabric-resource-loader-v0"
            }
        ]
    }
}
