{
  "fallback": "deeper_dark:amethyst_mineshaft/top_room_deco_3",
  "elements": [
    {
      "weight": 1,
      "element": {
        "element_type": "minecraft:single_pool_element",
        "projection": "rigid",
        "location": "deeper_dark:amethyst_mineshaft/top_room_deco/deco_6",
        "processors": "deeper_dark:ancient_fortress_chests"
      }
    },
    {
      "weight": 1,
      "element": {
        "element_type": "minecraft:single_pool_element",
        "projection": "rigid",
        "location": "deeper_dark:amethyst_mineshaft/top_room_deco/deco_7",
        "processors": "deeper_dark:ancient_fortress_chests"
      }
    },
    {
      "weight": 1,
      "element": {
        "element_type": "minecraft:single_pool_element",
        "projection": "rigid",
        "location": "deeper_dark:amethyst_mineshaft/top_room_deco/deco_8",
        "processors": "deeper_dark:ancient_fortress_chests"
      }
    },
    {
      "weight": 1,
      "element": {
        "element_type": "minecraft:single_pool_element",
        "projection": "rigid",
        "location": "deeper_dark:amethyst_mineshaft/top_room_deco/deco_9",
        "processors": "deeper_dark:ancient_fortress_chests"
      }
    },
    {
      "weight": 2,
      "element": {
        "element_type": "minecraft:empty_pool_element"
      }
    }
  ]
}
