{
  "display": {
    "icon": {
      "id": "minecraft:player_head",
      "components": {
        "minecraft:profile": {
          "properties": [
            {
              "name": "textures",
              "value": "eyJ0ZXh0dXJlcyI6eyJTS0lOIjp7InVybCI6Imh0dHA6Ly90ZXh0dXJlcy5taW5lY3JhZnQubmV0L3RleHR1cmUvZmEyMGYwZWYzNTQxN2Y5ZDkwMmQ5ZjliZTBmNjIwNTkwMzlmZDliOTdmNWM1Nzk5MGMyMzhkYzYwNGUzOTNjNSJ9fX0="
            }
          ]
        }
      }
    },
    "title": {
      "text": "It's Just What I Wanted!"
    },
    "description": {
      "text": "Receive a rare or epic gift from a very grateful villager."
    },
    "frame": "goal",
    "show_toast": true,
    "announce_to_chat": true,
    "hidden": true
  },
  "parent": "minecraft:adventure/hero_of_the_village",
  "criteria": {
    "is_hero": {
      "trigger": "minecraft:hero_of_the_village",
      "conditions": {}
    },
    "receives_gift": {
      "trigger": "minecraft:thrown_item_picked_up_by_player",
      "conditions": {
        "entity": [
          {
            "condition": "minecraft:entity_properties",
            "entity": "this",
            "predicate": {
              "type": "minecraft:villager"
            }
          }
        ],
        "item": {
          "items": "#village_hero:rare_and_epic_items"
        }
      }
    }
  },
  "requirements": [
    [
      "receives_gift"
    ],
    [
      "is_hero"
    ]
  ],
  "sends_telemetry_event": true
}
