{
  "carvers": {
    "air": [
      "minecraft:cave",
      "minecraft:cave_extra_underground",
      "minecraft:canyon"
    ]
  },
  "downfall": 0.6,
  "effects": {
    "fog_color": 12638463,
    "mood_sound": {
      "block_search_extent": 8,
      "offset": 2.0,
      "sound": "minecraft:ambient.cave",
      "tick_delay": 6000
    },
    "music": {
      "max_delay": 24000,
      "min_delay": 12000,
      "replace_current_music": false,
      "sound": "minecraft:music.overworld.forest"
    },
    "sky_color": 8037887,
    "water_color": 4159204,
    "water_fog_color": 329011
  },
  "features": [
    [
      "terralith:canyon/generic/slab_stone"
    ],
    [
      "minecraft:lake_lava_underground",
      "minecraft:lake_lava_surface"
    ],
    [
      "minecraft:amethyst_geode"
    ],
    [
      "minecraft:monster_room",
      "minecraft:monster_room_deep"
    ],
    [],
    [],
    [
      "minecraft:ore_dirt",
      "minecraft:ore_gravel",
      "minecraft:ore_granite_upper",
      "minecraft:ore_granite_lower",
      "minecraft:ore_diorite_upper",
      "minecraft:ore_diorite_lower",
      "minecraft:ore_andesite_upper",
      "minecraft:ore_andesite_lower",
      "minecraft:ore_tuff",
      "minecraft:ore_coal_upper",
      "minecraft:ore_coal_lower",
      "minecraft:ore_iron_upper",
      "minecraft:ore_iron_middle",
      "minecraft:ore_iron_small",
      "minecraft:ore_gold",
      "minecraft:ore_gold_lower",
      "minecraft:ore_redstone",
      "minecraft:ore_redstone_lower",
      "minecraft:ore_diamond",
      "minecraft:ore_diamond_medium",
      "minecraft:ore_diamond_large",
      "minecraft:ore_diamond_buried",
      "minecraft:ore_lapis",
      "minecraft:ore_lapis_buried",
      "minecraft:ore_copper",
      "minecraft:underwater_magma",
      "minecraft:disk_sand",
      "minecraft:disk_clay",
      "minecraft:disk_gravel"
    ],
    [],
    [
      "minecraft:spring_water",
      "minecraft:spring_lava"
    ],
    [
      "minecraft:glow_lichen",
      "geophilic:forest/dirt_patches",
      "terralith:birch/birch_tall",
      "geophilic:forest/rocks",
      "terralith:birch/tree_moss",
      "geophilic:common/tree_ornaments/birch",
      "terralith:birch/minecon_flowers",
      "geophilic:forest/birch/logs",
      "geophilic:forest/flowers",
      "geophilic:common/mushrooms",
      "geophilic:common/sugar_cane",
      "geophilic:common/pumpkins",
      "terralith:birch/tree_log",
      "terralith:birch/tree_log_extra",
      "geophilic:common/moss",
      "geophilic:common/grass/forest"
    ],
    [
      "minecraft:freeze_top_layer"
    ]
  ],
  "has_precipitation": true,
  "spawn_costs": {},
  "spawners": {
    "ambient": [
      {
        "maxCount": 8,
        "minCount": 8,
        "type": "minecraft:bat",
        "weight": 10
      }
    ],
    "axolotls": [],
    "creature": [
      {
        "maxCount": 4,
        "minCount": 4,
        "type": "minecraft:sheep",
        "weight": 12
      },
      {
        "maxCount": 4,
        "minCount": 4,
        "type": "minecraft:pig",
        "weight": 10
      },
      {
        "maxCount": 4,
        "minCount": 4,
        "type": "minecraft:chicken",
        "weight": 10
      },
      {
        "maxCount": 4,
        "minCount": 4,
        "type": "minecraft:cow",
        "weight": 8
      }
    ],
    "misc": [],
    "monster": [
      {
        "maxCount": 4,
        "minCount": 4,
        "type": "minecraft:spider",
        "weight": 100
      },
      {
        "maxCount": 4,
        "minCount": 4,
        "type": "minecraft:zombie",
        "weight": 95
      },
      {
        "maxCount": 1,
        "minCount": 1,
        "type": "minecraft:zombie_villager",
        "weight": 5
      },
      {
        "maxCount": 4,
        "minCount": 4,
        "type": "minecraft:skeleton",
        "weight": 100
      },
      {
        "maxCount": 4,
        "minCount": 4,
        "type": "minecraft:creeper",
        "weight": 100
      },
      {
        "maxCount": 4,
        "minCount": 4,
        "type": "minecraft:slime",
        "weight": 100
      },
      {
        "maxCount": 4,
        "minCount": 1,
        "type": "minecraft:enderman",
        "weight": 10
      },
      {
        "maxCount": 1,
        "minCount": 1,
        "type": "minecraft:witch",
        "weight": 5
      }
    ],
    "underground_water_creature": [
      {
        "maxCount": 6,
        "minCount": 4,
        "type": "minecraft:glow_squid",
        "weight": 10
      }
    ],
    "water_ambient": [],
    "water_creature": []
  },
  "temperature": 0.6
}