{
  "type": "minecraft:chest",
  "pools": [
      {
          "rolls": 1,
          "bonus_rolls": 0,
          "entries": [
            {
                "type": "minecraft:item",
                "name": "minecraft:diamond_axe",
                "weight": 2,
                "functions": [
                  {
                    "function": "minecraft:enchant_randomly"
                  }
                ]
              },
              {
                  "type": "minecraft:item",
                  "name": "minecraft:diamond",
                  "weight": 4,
                  "functions": [
                    {
                      "function": "minecraft:set_count",
                      "count": 1
                    }
                  ]
              },
              {
                "type": "minecraft:item",
                "name": "minecraft:golden_apple",
                "weight": 3
            },
            {
                "type": "minecraft:item",
                "name": "minecraft:golden_carrot",
                "weight": 3,
                "functions": [
                    {
                      "function": "minecraft:set_count",
                      "count": 6
                    }
                  ]
            },
            {
                "type": "minecraft:item",
                "name": "minecraft:emerald_block",
                "weight": 2,
                "functions": [
                    {
                      "function": "minecraft:set_count",
                      "count": 1
                    }
                  ]
            },
            {
                "type": "minecraft:item",
                "name": "minecraft:book",
                "weight": 3,
                "functions": [
                    {
                      "function": "minecraft:enchant_randomly"
                    }
                  ]
            },
            {
                "type": "minecraft:item",
                "name": "minecraft:crossbow",
                "weight": 1,
                "functions": [
                    {
                      "function": "minecraft:enchant_randomly"
                    }
                  ]
            },
            {
                "type": "minecraft:item",
                "name": "minecraft:bow",
                "weight": 1,
                "functions": [
                    {
                      "function": "minecraft:enchant_randomly"
                    }
                  ]
            },
            {
                "type": "minecraft:item",
                "name": "minecraft:diamond_chestplate",
                "weight": 1,
                "functions": [
                    {
                      "function": "minecraft:enchant_randomly"
                    },
                    {
                        "function": "minecraft:set_components",
                        "components": {
                          "minecraft:trim": {
                            "material": "minecraft:amethyst",
                            "pattern": "minecraft:bolt"
                          }
                        }
                      }
                  ]
            }
            
          ]
      }
  ]
}