{
  "type": "minecraft:chest",
  "pools": [
    {
      "rolls": 1,
      "bonus_rolls": 0,
      "entries": [
        {
          "type": "minecraft:item",
          "name": "minecraft:emerald",
          "weight": 5,
          "functions": [
            {
              "function": "minecraft:set_count",
              "count": {
                "type": "minecraft:uniform",
                "min": 4,
                "max": 10
              },
              "add": false
            }
          ]
        },
        {
          "type": "minecraft:item",
          "name": "minecraft:wind_charge",
          "weight": 4,
          "functions": [
            {
              "function": "minecraft:set_count",
              "count": {
                "type": "minecraft:uniform",
                "min": 8,
                "max": 12
              },
              "add": false
            }
          ]
        },
        {
          "type": "minecraft:item",
          "name": "minecraft:diamond",
          "weight": 3,
          "functions": [
            {
              "function": "minecraft:set_count",
              "count": {
                "type": "minecraft:uniform",
                "min": 1,
                "max": 2
              },
              "add": false
            }
          ]
        },
        {
          "type": "minecraft:item",
          "name": "minecraft:ominous_bottle",
          "functions": [
            {
              "function": "minecraft:set_count",
              "count": 1,
              "add": false
            },
            {
              "function": "minecraft:set_ominous_bottle_amplifier",
              "amplifier": {
                "type": "minecraft:uniform",
                "min": 2,
                "max": 4
              }
            }
          ]
        }
      ]
    }
  ]
}
