{
  "type": "minecraft:chest",
  "pools": [
      {
          "rolls": 1,
          "bonus_rolls": 0,
          "entries": [
              {
                  "type": "minecraft:item",
                  "name": "minecraft:emerald",
                  "weight": 3,
                  "functions": [
            {
              "function": "minecraft:set_count",
              "count": 3
            }
          ]
              },
              {
                  "type": "minecraft:item",
                  "name": "minecraft:iron_ingot",
                  "weight": 3,
                  "functions": [
            {
              "function": "minecraft:set_count",
              "count": 4
            }
          ]
              },
              {
                  "type": "minecraft:item",
                  "name": "minecraft:wind_charge",
                  "weight": 2,
                  "functions": [
            {
              "function": "minecraft:set_count",
              "count": 5
            }
          ]
              },
              {
                  "type": "minecraft:item",
                  "name": "minecraft:ominous_bottle",
                  "weight": 2
              },
              {
                "type": "minecraft:item",
                "name": "minecraft:name_tag",
                "weight": 2
            },
            {
                "type": "minecraft:item",
                "name": "minecraft:diamond_horse_armor",
                "weight": 1
            },
              {
                  "type": "minecraft:item",
                  "name": "minecraft:honey_bottle",
                  "weight": 2,
                  "functions": [
            {
              "function": "minecraft:set_count",
              "count": 2
            }
          ]
              },
              {
                "type": "minecraft:item",
                "name": "minecraft:gold_ingot",
                "weight": 2,
                "functions": [
                    {
                        "function": "minecraft:set_count",
                        "count": 3
                      }
                ]
              },
              {
                "type": "minecraft:item",
                "name": "minecraft:amethyst_shard",
                "weight": 2,
                "functions": [
                    {
                        "function": "minecraft:set_count",
                        "count": 6
                      }
                ]
              }
            
          ]
      }
  ]
}