{
    "type": "minecraft:block",
    "pools": [
      {
        "rolls": 1,
        "entries": [
          {
            "type": "minecraft:item",
            "name": "minecraft:budding_amethyst",
            "conditions": [
              {
                "condition": "minecraft:match_tool",
                "predicate": {
                   "predicates": {
                    "enchantments": [
                        {
                            "enchantments": "silk_touch"
                        }
                    ]
                   }
                }
              }
            ]
          }
        ]
      }
    ]
  }
  