{
  "temperature": 0.8,
  "downfall": 0.4,
  "has_precipitation": false,
  "effects": {
    "sky_color": 2570,
    "fog_color": 2570,
    "water_color": 2508162,
    "water_fog_color": 329011,
    "mood_sound": {
      "sound": "minecraft:ambient.soul_sand_valley.mood",
      "tick_delay": 6000,
      "block_search_extent": 8,
      "offset": 2
    },
    "music": [
      {
        "data": {
          "sound": "minecraft:music.overworld.deep_dark",
          "min_delay": 1,
          "max_delay": 2,
          "replace_current_music": true
        },
        "weight": 1
      }
    ],
    "music_volume": 1
  },
  "spawners": {
    "ambient": [],
    "axolotls": [],
    "creature": [],
    "misc": [],
    "monster": [],
    "underground_water_creature": [],
    "water_ambient": [],
    "water_creature": []
  },
  "spawn_costs": {},
  "carvers": [],
  "features": [
    [],
    [],
    [],
    [
      "deeper_dark:deeper_dark_fossil"
    ],
    [],
    [],
    [
      "minecraft:ore_emerald",
      "minecraft:ore_coal_lower",
      "minecraft:ore_iron_upper",
      "minecraft:ore_iron_middle",
      "minecraft:ore_iron_small",
      "minecraft:ore_gold",
      "minecraft:ore_gold_lower",
      "minecraft:ore_redstone",
      "minecraft:ore_redstone_lower",
      "minecraft:ore_diamond",
      "minecraft:ore_diamond_medium",
      "minecraft:ore_diamond_large",
      "minecraft:ore_diamond_buried",
      "minecraft:ore_lapis",
      "minecraft:ore_lapis_buried",
      "minecraft:ore_copper_large"
    ],
    [
      "minecraft:sculk_vein",
      "deeper_dark:sculk_patch_deeper_dark",
      "deeper_dark:sculk_patch_deeper_dark_small"
    ],
    [],
    [
      "minecraft:brown_mushroom_normal",
      "minecraft:red_mushroom_normal"
    ],
    [
      "minecraft:freeze_top_layer"
    ]
  ]
}