{
  "temperature": 0.8,
  "downfall": 0.4,
  "has_precipitation": false,
  "effects": {
    "sky_color": 529416,
    "fog_color": 529416,
    "water_color": 4159204,
    "water_fog_color": 329011,
    "grass_color_modifier": "dark_forest",
    "mood_sound": {
      "sound": "minecraft:ambient.soul_sand_valley.mood",
      "tick_delay": 6000,
      "block_search_extent": 8,
      "offset": 2
    },
    "music": [],
    "music_volume": 0,
    "particle": {
      "options": {
        "type": "minecraft:spore_blossom_air"
      },
      "probability": 0.005
    }
  },
  "spawners": {
    "ambient": [],
    "axolotls": [],
    "creature": [
      {
        "type": "minecraft:sniffer",
        "weight": 1,
        "minCount": 1,
        "maxCount": 2
      },
      {
        "type": "minecraft:bat",
        "weight": 1,
        "minCount": 1,
        "maxCount": 1
      }
    ],
    "misc": [],
    "monster": [],
    "underground_water_creature": [],
    "water_ambient": [],
    "water_creature": []
  },
  "spawn_costs": {},
  "carvers": [],
  "features": [
    [
      "deeper_dark:sniffer_nest"
    ],
    [],
    [],
    [],
    [
      "deeper_dark:lake"
    ],
    [
      "deeper_dark:deep_oasis_trees"
    ],
    [
      "minecraft:ore_emerald",
      "minecraft:ore_coal_lower",
      "minecraft:ore_iron_upper",
      "minecraft:ore_iron_middle",
      "minecraft:ore_iron_small",
      "minecraft:ore_gold",
      "minecraft:ore_gold_lower",
      "minecraft:ore_redstone",
      "minecraft:ore_redstone_lower",
      "minecraft:ore_diamond",
      "minecraft:ore_diamond_medium",
      "minecraft:ore_diamond_large",
      "minecraft:ore_diamond_buried",
      "minecraft:ore_lapis",
      "minecraft:ore_lapis_buried",
      "minecraft:ore_copper_large"
    ],
    [
      "deeper_dark:wooded_vine",
      "deeper_dark:wooded_vine_branch",
      "minecraft:glow_lichen",
      "minecraft:vines",
      "minecraft:spore_blossom",
      "deeper_dark:deep_oasis_ceiling",
      "deeper_dark:deep_oasis_floor",
      "deeper_dark:deep_oasis_flowers",
      "deeper_dark:deep_oasis_common_decoration",
      "deeper_dark:oasis_shrieker"
    ],
    [],
    [],
    [
      "minecraft:freeze_top_layer"
    ]
  ]
}