{
    "pools": [
      {
        "rolls": 1,
        "entries": [
          {
            "type": "minecraft:item",
            "name": "minecraft:wheat_seeds",
            "weight": 5
          },
          {
            "type": "minecraft:item",
            "name": "minecraft:beetroot_seeds",
            "weight": 5
          },
          {
            "type": "minecraft:item",
            "name": "minecraft:pumpkin_seeds",
            "weight": 3
          },
          {
            "type": "minecraft:item",
            "name": "minecraft:melon_seeds",
            "weight": 3
          },
          {
            "type": "minecraft:item",
            "name": "minecraft:torchflower_seeds",
            "weight": 1
          },
          {
            "type": "minecraft:item",
            "name": "minecraft:pitcher_pod",
            "weight": 1
          }
        ]
      }
    ]
  }
  