{
  "type": "minecraft:jigsaw",
  "biomes": "#minecraft:has_structure/trial_chambers",
  "liquid_settings": "ignore_waterlogging",
  "step": "underground_decoration",
  "spawn_overrides": {},
  "terrain_adaptation": "bury",
  "start_pool": "crazy_chambers:start",
  "size": 4,
  "start_height": {
    "type": "minecraft:uniform",
    
        "max_inclusive": {
     "absolute": -50
    },
        "min_inclusive": {
     "absolute": -59
    }
  },
  "max_distance_from_center": 116,
  "use_expansion_hack": false
}
