{
  "display": {
    "icon": {
      "id": "minecraft:budding_amethyst"
    },
    "title": {
    "translate": "advancement.deeper_dark.amethyst_mineshaft.title",
    "fallback": "Infinite Amethyst"
},
    "description": {
    "translate": "advancement.deeper_dark.amethyst_mineshaft.title",
    "fallback": "Locate an Amethyst Mineshaft"
},
    "frame": "goal",
    "show_toast": true,
    "announce_to_chat": true,
    "hidden": false
  },
  "parent": "deeper_dark:fortress",
  "criteria": {
    "in_dim": {
      "trigger": "minecraft:location",
      "conditions": {
        "player": [
          {
            "condition": "minecraft:entity_properties",
            "entity": "this",
            "predicate": {
              "location": {
                "structures": "deeper_dark:amethyst_mineshaft",
                "dimension": "deeper_dark:deeper_dark"
              }
            }
          }
        ]
      }
    }
  },
  "requirements": [
    [
      "in_dim"
    ]
  ]
}
