{
  "display": {
    "icon": {
      "id": "minecraft:black_concrete"
    },
    "title": {
    "translate": "advancement.deeper_dark.boss.title",
    "fallback": "And As The Darkness Fades Away..."
},
    "description": {
    "translate": "advancement.deeper_dark.boss.desc",
    "fallback": "Defeat The Defender"
},
    "frame": "goal",
    "show_toast": true,
    "announce_to_chat": true,
    "hidden": false
  },
  "parent": "deeper_dark:laboratory",
  "criteria": {
    "kill_boss": {
      "trigger": "minecraft:player_killed_entity",
      "conditions": {
        "entity": [
          {
            "condition": "minecraft:entity_properties",
            "entity": "this",
            "predicate": {
              "type": "minecraft:ghast",
              "nbt": "{Tags:[\"deeper_dark.boss_hitbox\"]}"
            }
          }
        ]
      }
    }
  },
  "requirements": [
    [
      "kill_boss"
    ]
  ]
}
