{
  "display": {
    "icon": {
      "id": "minecraft:sculk_catalyst",
      "components": {
        "minecraft:enchantment_glint_override": true
      }
    },
    "title": {
    "translate": "advancement.deeper_dark.hybridization.title",
    "fallback": "Hybridization"
},
    "description": {
    "translate": "advancement.deeper_dark.hybridization.desc",
    "fallback": "Turn a Sculk Syphon into a Sculk Converter"
},
    "frame": "challenge",
    "show_toast": true,
    "announce_to_chat": true,
    "hidden": true
  },
  "parent": "deeper_dark:ancient_dark",
  "criteria": {
    "criteria": {
      "trigger": "minecraft:impossible",
      "conditions": {}
    }
  }
}
