{
  "display": {
    "icon": {
      "id": "minecraft:shield",
      "components": {
        "minecraft:enchantment_glint_override": true
      }
    },
    "title": {
    "translate": "advancement.deeper_dark.resonate.title",
    "fallback": "Caught In 4K"
},
    "description": {
    "translate": "advancement.deeper_dark.resonate.desc",
    "fallback": "Give An Attacker Glowing Using the Resonate Enchantment"
},
    "frame": "task",
    "show_toast": true,
    "announce_to_chat": true,
    "hidden": false
  },
  "parent": "deeper_dark:trap",
  "criteria": {
    "criteria": {
      "trigger": "minecraft:impossible",
      "conditions": {}
    }
  }
}
