{
  "display": {
    "icon": {
      "id": "minecraft:silence_armor_trim_smithing_template",
      "components": {
        "minecraft:enchantment_glint_override": true
      }
    },
    "title": {
    "translate": "advancement.deeper_dark.reunion.title",
    "fallback": "Reunion"
},
    "description": {
    "translate": "advancement.deeper_dark.reunion.desc",
    "fallback": "Collect The Anticatalyst"
},
    "frame": "challenge",
    "show_toast": true,
    "announce_to_chat": true,
    "hidden": false
  },
  "parent": "deeper_dark:boss",
  "criteria": {
    "item": {
      "trigger": "minecraft:inventory_changed",
      "conditions": {
        "player": [],
        "items": [
          {
            "items": [
              "minecraft:disc_fragment_5"
            ],
            "components": {
              "minecraft:custom_data": {"deeper_dark_anticatalyst":1}
            }
          }
        ]
      }
    }
  },
  "requirements": [
    [
      "item"
    ]
  ],
  "rewards": {
    "experience": 20
  }
}
