{
  "type": "minecraft:gift",
  "pools": [
    {
      "rolls": 1,
      "bonus_rolls": 2,
      "entries": [
        {
          "type": "minecraft:item",
          "name": "minecraft:map",
          "weight": 50,
          "quality": 1,
          "functions": [
            {
              "function": "minecraft:set_count",
              "count": {
                "min": 1,
                "max": 4
              },
              "add": false
            }
          ]
        },
        {
          "type": "minecraft:item",
          "name": "minecraft:compass",
          "weight": 40,
          "quality": 1
        },
        {
          "type": "minecraft:item",
          "name": "minecraft:item_frame",
          "weight": 40,
          "quality": 1,
          "functions": [
            {
              "function": "minecraft:set_count",
              "count": {
                "min": 1,
                "max": 4
              },
              "add": false
            }
          ]
        },
        {
          "type": "minecraft:item",
          "name": "minecraft:glow_item_frame",
          "weight": 30,
          "quality": 1,
          "functions": [
            {
              "function": "minecraft:set_count",
              "count": {
                "min": 1,
                "max": 4
              },
              "add": false
            }
          ]
        },
        {
          "type": "minecraft:item",
          "name": "minecraft:spyglass",
          "weight": 10,
          "quality": 10
        },
        {
          "type": "minecraft:item",
          "name": "minecraft:lodestone",
          "weight": 10,
          "quality": 40,
          "functions": [
            {
              "function": "minecraft:set_count",
              "count": {
                "min": 1,
                "max": 4
              },
              "add": false
            }
          ]
        },
        {
          "type": "minecraft:item",
          "name": "minecraft:map",
          "weight": 4,
          "quality": 30,
          "functions": [
            {
              "function": "minecraft:set_name",
              "entity": "this",
              "name": "Swamp Hut Map"
            },
            {
              "function": "minecraft:exploration_map",
              "destination": "minecraft:cats_spawn_as_black",
              "decoration": "swamp_hut",
              "zoom": 2,
              "skip_existing_chunks": true
            }
          ]
        },
        {
          "type": "minecraft:item",
          "name": "minecraft:map",
          "weight": 4,
          "quality": 30,
          "functions": [
            {
              "function": "minecraft:set_name",
              "entity": "this",
              "name": "Trail Ruins Map"
            },
            {
              "function": "minecraft:exploration_map",
              "destination": "village_hero:trail_ruins",
              "decoration": "target_point",
              "zoom": 2,
              "skip_existing_chunks": true
            }
          ]
        },
        {
          "type": "minecraft:item",
          "name": "minecraft:map",
          "weight": 4,
          "quality": 30,
          "functions": [
            {
              "function": "minecraft:set_name",
              "entity": "this",
              "name": "Desert Pyramid Map"
            },
            {
              "function": "minecraft:exploration_map",
              "destination": "village_hero:desert_pyramid",
              "decoration": "target_point",
              "zoom": 2,
              "skip_existing_chunks": true
            }
          ]
        },
        {
          "type": "minecraft:item",
          "name": "minecraft:map",
          "weight": 4,
          "quality": 30,
          "functions": [
            {
              "function": "minecraft:exploration_map",
              "destination": "village_hero:jungle_pyramid",
              "decoration": "jungle_temple",
              "zoom": 2,
              "skip_existing_chunks": true
            },
            {
              "function": "minecraft:set_name",
              "entity": "this",
              "name": "Jungle Temple Map"
            }
          ]
        },
        {
          "type": "minecraft:item",
          "name": "minecraft:map",
          "weight": 3,
          "quality": 40,
          "functions": [
            {
              "function": "minecraft:exploration_map",
              "destination": "village_hero:ancient_city",
              "decoration": "banner_cyan",
              "zoom": 2,
              "skip_existing_chunks": true
            },
            {
              "function": "minecraft:set_name",
              "entity": "this",
              "name": "Ancient City Map"
            }
          ]
        },
        {
          "type": "minecraft:item",
          "name": "minecraft:recovery_compass",
          "weight": 1,
          "quality": 50
        }
      ]
    }
  ],
  "random_sequence": "minecraft:gameplay/hero_of_the_village/cartographer_gift"
}
