{
  "type": "minecraft:gift",
  "pools": [
    {
      "rolls": 1,
      "bonus_rolls": 2,
      "entries": [
        {
          "type": "minecraft:item",
          "name": "minecraft:book",
          "weight": 210,
          "functions": [
            {
              "function": "minecraft:enchant_with_levels",
              "levels": {
                "min": 10,
                "max": 20
              },
              "options": "#village_hero:vanilla_enchantments"
            }
          ]
        },
        {
          "type": "minecraft:item",
          "name": "minecraft:book",
          "weight": 66,
          "functions": [
            {
              "function": "minecraft:set_count",
              "count": {
                "min": 4,
                "max": 8
              },
              "add": false
            }
          ]
        },
        {
          "type": "minecraft:item",
          "name": "minecraft:name_tag",
          "weight": 66,
          "functions": [
            {
              "function": "minecraft:set_count",
              "count": {
                "min": 1,
                "max": 4
              },
              "add": false
            }
          ]
        },
        {
          "type": "minecraft:item",
          "name": "minecraft:book",
          "weight": 60,
          "quality": 40,
          "functions": [
            {
              "function": "minecraft:enchant_with_levels",
              "levels": {
                "min": 40,
                "max": 60
              },
              "options": "#village_hero:vanilla_enchantments"
            }
          ]
        },
        {
          "type": "minecraft:item",
          "name": "minecraft:book",
          "weight": 30,
          "quality": 30,
          "functions": [
            {
              "function": "minecraft:set_enchantments",
              "enchantments": {
                "minecraft:mending": 1
              }
            }
          ]
        },
        {
          "type": "minecraft:item",
          "name": "minecraft:clock",
          "weight": 30
        },
        {
          "type": "minecraft:item",
          "name": "minecraft:writable_book",
          "weight": 30
        },
        {
          "type": "minecraft:item",
          "name": "minecraft:disc_fragment_5",
          "weight": 15,
          "quality": 30
        },
        {
          "type": "minecraft:item",
          "name": "minecraft:music_disc_11",
          "weight": 6,
          "quality": 30
        },
        {
          "type": "minecraft:item",
          "name": "minecraft:music_disc_13",
          "weight": 6,
          "quality": 30
        },
        {
          "type": "minecraft:item",
          "name": "minecraft:music_disc_blocks",
          "weight": 6,
          "quality": 30
        },
        {
          "type": "minecraft:item",
          "name": "minecraft:music_disc_cat",
          "weight": 6,
          "quality": 30
        },
        {
          "type": "minecraft:item",
          "name": "minecraft:music_disc_chirp",
          "weight": 6,
          "quality": 30
        },
        {
          "type": "minecraft:item",
          "name": "minecraft:music_disc_far",
          "weight": 6,
          "quality": 30
        },
        {
          "type": "minecraft:item",
          "name": "minecraft:music_disc_mall",
          "weight": 6,
          "quality": 30
        },
        {
          "type": "minecraft:item",
          "name": "minecraft:music_disc_mellohi",
          "weight": 6,
          "quality": 30
        },
        {
          "type": "minecraft:item",
          "name": "minecraft:music_disc_relic",
          "weight": 6,
          "quality": 30
        },
        {
          "type": "minecraft:item",
          "name": "minecraft:music_disc_strad",
          "weight": 6,
          "quality": 30
        },
        {
          "type": "minecraft:item",
          "name": "minecraft:music_disc_wait",
          "weight": 6,
          "quality": 30
        },
        {
          "type": "minecraft:item",
          "name": "minecraft:music_disc_ward",
          "weight": 6,
          "quality": 30
        },
        {
          "type": "minecraft:item",
          "name": "minecraft:music_disc_stal",
          "weight": 6,
          "quality": 30
        },
        {
          "type": "minecraft:item",
          "name": "minecraft:music_disc_creator_music_box",
          "weight": 6,
          "quality": 30
        },
        {
          "type": "minecraft:item",
          "name": "minecraft:music_disc_precipice",
          "weight": 6,
          "quality": 30
        },
        {
          "type": "minecraft:item",
          "name": "minecraft:music_disc_pigstep",
          "weight": 1,
          "quality": 100
        },
        {
          "type": "minecraft:item",
          "name": "minecraft:music_disc_creator",
          "weight": 1,
          "quality": 100
        },
        {
          "type": "minecraft:item",
          "name": "minecraft:music_disc_otherside",
          "weight": 1,
          "quality": 100
        }
      ]
    }
  ],
  "random_sequence": "minecraft:gameplay/hero_of_the_village/librarian_gift"
}
