{
  "type": "minecraft:gift",
  "pools": [
    {
      "rolls": 1,
      "bonus_rolls": 2,
      "entries": [
        {
          "type": "minecraft:item",
          "name": "minecraft:magenta_wool",
          "weight": 56,
          "functions": [
            {
              "function": "minecraft:set_count",
              "count": {
                "min": 8,
                "max": 16
              },
              "add": false
            }
          ]
        },
        {
          "type": "minecraft:item",
          "name": "minecraft:pink_wool",
          "weight": 56,
          "functions": [
            {
              "function": "minecraft:set_count",
              "count": {
                "min": 8,
                "max": 16
              },
              "add": false
            }
          ]
        },
        {
          "type": "minecraft:item",
          "name": "minecraft:purple_wool",
          "weight": 56,
          "functions": [
            {
              "function": "minecraft:set_count",
              "count": {
                "min": 8,
                "max": 16
              }
            }
          ]
        },
        {
          "type": "minecraft:item",
          "name": "minecraft:light_blue_wool",
          "weight": 56,
          "functions": [
            {
              "function": "minecraft:set_count",
              "count": {
                "min": 8,
                "max": 16
              }
            }
          ]
        },
        {
          "type": "minecraft:item",
          "name": "minecraft:blue_wool",
          "weight": 56,
          "functions": [
            {
              "function": "minecraft:set_count",
              "count": {
                "min": 8,
                "max": 16
              },
              "add": false
            }
          ]
        },
        {
          "type": "minecraft:item",
          "name": "minecraft:cyan_wool",
          "weight": 56,
          "functions": [
            {
              "function": "minecraft:set_count",
              "count": {
                "min": 8,
                "max": 16
              }
            }
          ]
        },
        {
          "type": "minecraft:item",
          "name": "minecraft:green_wool",
          "weight": 56,
          "functions": [
            {
              "function": "minecraft:set_count",
              "count": {
                "min": 8,
                "max": 16
              },
              "add": false
            }
          ]
        },
        {
          "type": "minecraft:item",
          "name": "minecraft:lime_wool",
          "weight": 56,
          "functions": [
            {
              "function": "minecraft:set_count",
              "count": {
                "min": 8,
                "max": 16
              },
              "add": false
            }
          ]
        },
        {
          "type": "minecraft:item",
          "name": "minecraft:yellow_wool",
          "weight": 56,
          "functions": [
            {
              "function": "minecraft:set_count",
              "count": {
                "min": 8,
                "max": 16
              },
              "add": false
            }
          ]
        },
        {
          "type": "minecraft:item",
          "name": "minecraft:orange_wool",
          "weight": 56,
          "functions": [
            {
              "function": "minecraft:set_count",
              "count": {
                "min": 8,
                "max": 16
              },
              "add": false
            }
          ]
        },
        {
          "type": "minecraft:item",
          "name": "minecraft:red_wool",
          "weight": 56,
          "functions": [
            {
              "function": "minecraft:set_count",
              "count": {
                "min": 8,
                "max": 16
              }
            }
          ]
        },
        {
          "type": "minecraft:item",
          "name": "minecraft:goat_horn",
          "weight": 36,
          "quality": 5,
          "functions": [
            {
              "function": "minecraft:set_instrument",
              "options": "#minecraft:goat_horns"
            }
          ]
        },
        {
          "type": "minecraft:item",
          "name": "minecraft:bordure_indented_banner_pattern",
          "weight": 32
        },
        {
          "type": "minecraft:item",
          "name": "minecraft:globe_banner_pattern",
          "weight": 32
        },
        {
          "type": "minecraft:item",
          "name": "minecraft:field_masoned_banner_pattern",
          "weight": 32
        },
        {
          "type": "minecraft:item",
          "name": "minecraft:flower_banner_pattern",
          "weight": 32
        },
        {
          "type": "minecraft:item",
          "name": "minecraft:creeper_banner_pattern",
          "weight": 8,
          "quality": 10
        },
        {
          "type": "minecraft:item",
          "name": "minecraft:piglin_banner_pattern",
          "weight": 8,
          "quality": 10
        },
        {
          "type": "minecraft:item",
          "name": "minecraft:mojang_banner_pattern",
          "weight": 1,
          "quality": 50
        },
        {
          "type": "minecraft:item",
          "name": "minecraft:skull_banner_pattern",
          "weight": 1,
          "quality": 50
        },
        {
          "type": "minecraft:item",
          "name": "minecraft:flow_banner_pattern",
          "weight": 1,
          "quality": 50
        },
        {
          "type": "minecraft:item",
          "name": "minecraft:guster_banner_pattern",
          "weight": 1,
          "quality": 50
        }
      ]
    }
  ],
  "random_sequence": "minecraft:gameplay/hero_of_the_village/shepherd_gift"
}
