{
    "display": {
        "title": {
            "text": "littlhigh Datapacks"
        },
        "description": {
            "text": "Seems like there are some of my Datapacks in this world =)"
        },
        "icon": {
            "id": "minecraft:wheat"
        },
        "frame": "task",
        "show_toast": false,
        "announce_to_chat": false,
        "hidden": false,
        "background": "minecraft:gui/advancements/backgrounds/husbandry"
    },
    "criteria": {
        "1": {
            "trigger": "minecraft:tick"
        }
    }
}