{"type":"minecraft:command","pools":[{"rolls":1,"entries":[{"type":"minecraft:item","name":

"minecraft:compass",

  "functions":[{"function":"minecraft:set_components",

"components":{
  "minecraft:custom_name": {"translate":"item.deeper_dark.locator_laboratory","fallback":"Laboratory Locator Compass","italic":false},
  "minecraft:item_name": {"translate":"item.deeper_dark.locator_laboratory","fallback":"Laboratory Locator Compass"},
  "minecraft:lodestone_tracker": {
    "tracked": false
  },
  "minecraft:custom_data": {
    "deeper_dark_located": 0,
    "deeper_dark_locator": "laboratory"
  }
}

}]}]}]}
