{"type":"minecraft:command","pools":[{"rolls":1,"entries":[{"type":"minecraft:item","name":

"minecraft:music_disc_5",

  "functions":[{"function":"minecraft:set_components",

"components":{
  "minecraft:custom_name": {"translate":"item.deeper_dark.sculk_claw","fallback":"Sculk Claw","italic":false},
  "minecraft:item_name": {"translate":"item.deeper_dark.sculk_claw","fallback":"Sculk Claw"},
  "minecraft:item_model": "minecraft:sculk_shrieker",
  "!minecraft:jukebox_playable": {},
  "max_stack_size": 64,
  "minecraft:enchantment_glint_override": true,
  "minecraft:rarity":"common",
  "minecraft:lore": [
    {"translate":"item.deeper_dark.sculk_claw.hint","fallback":"Drop on Sculk to Place","italic":false}
  ],
  "minecraft:custom_data": {
    "deeper_dark_sculk_claw": 1
  }
}

}]}]}]}
