{"type":"minecraft:command","pools":[{"rolls":1,"entries":[{"type":"minecraft:item","name":

"minecraft:music_disc_5",

  "functions":[{"function":"minecraft:set_components",

"components":{
  "minecraft:custom_name": {"translate":"item.deeper_dark.sculk_syphon","fallback":"Sculk Syphon","italic":false},
  "minecraft:item_name": {"translate":"item.deeper_dark.sculk_syphon","fallback":"Sculk Syphon"},
  "minecraft:item_model": "minecraft:sculk_catalyst",
  "!minecraft:jukebox_playable": {},
  "max_stack_size": 64,
  "minecraft:enchantment_glint_override": true,
  "minecraft:rarity":"common",
  "minecraft:lore": [
    {"translate":"item.deeper_dark.block.hint","fallback":"Drop to Place","italic":false}
  ],
  "minecraft:custom_data": {
    "deeper_dark_sculk_syphon": 1
  }
}

}]}]}]}
