{
  "condition": "minecraft:any_of",
  "terms": [
    {
      "condition": "minecraft:entity_properties",
      "entity": "this",
      "predicate": {
        "equipment": {
          "mainhand": {
            "items": "minecraft:compass",
            "predicates": {
              "minecraft:custom_data": "{deeper_dark_warden_tracker:1b}"
            }
          }
        }
      }
    },
    {
      "condition": "minecraft:entity_properties",
      "entity": "this",
      "predicate": {
        "equipment": {
          "offhand": {
            "items": "minecraft:compass",
            "predicates": {
              "minecraft:custom_data": "{deeper_dark_warden_tracker:1b}"
            }
          }
        }
      }
    }
  ]
}
