{
  "criteria": {
    "requirement": {
      "trigger": "minecraft:any_block_use",
      "conditions": {
        "player": [
          {
            "condition": "minecraft:entity_properties",
            "entity": "this",
            "predicate": {
              "slots": {
                "weapon.mainhand": {
                  "items": "minecraft:air"
                },
                "weapon.offhand": {
                  "items": "#minecraft:bundles",
                  "predicates": {
                    "minecraft:custom_data": {"storing":false}
                  }
                }
              }
            }
          }
        ],
        "location": [
          {
            "condition": "minecraft:location_check",
            "predicate": {
              "block": {
                "blocks": "minecraft:chest",
                "nbt": "{Items:[{}]}"
              }
            }
          }
        ]
      }
    }
  },
  "rewards": {
    "function": "bundle:chest/transfer/fail"
  }
}