{
  "values": [
    "minecraft:desert",
    "#minecraft:has_structure/village_desert",
    {
      "id": "biomesoplenty:dryland",
      "required": false
    },
	  {
      "id": "biomesoplenty:lush_desert",
      "required": false
    },
    {
      "id": "biomeswevegone:mojave_desert",
      "required": false
    },
    {
      "id": "biomeswevegone:rugged_badlands",
      "required": false
    },
    {
      "id": "biomeswevegone:windswept_desert",
      "required": false
    },
    {
      "id": "biomeswevegone:windswept_dunes",
      "required": false
    },
    {
      "id": "clifftree:shrubland",
      "required": false
    },
    {
      "id": "clifftree:desert_cliff",
      "required": false
    },
    {
      "id": "clifftree:oasis",
      "required": false
    },
    {
      "id": "clifftree:warm_caves",
      "required": false
    },
    {
      "id": "clifftree:warm_river",
      "required": false
    },
    {
      "id": "cynic:cactus_desert",
      "required": false
    },
    {
      "id": "cynic:desert_river_bank",
      "required": false
    },
    {
      "id": "cynic:oasis",
      "required": false
    },
    {
      "id": "cynic:shrubland",
      "required": false
    },
    {
      "id": "projectvibrantjourneys:desert_shrubland",
      "required": false
    },
    {
      "id": "projectvibrantjourneys:verdant_sands",
      "required": false
    },	
    {
      "id": "regions_unexplored:joshua_desert",
      "required": false
    },
	  {
      "id": "regions_unexplored:saguaro_desert",
      "required": false
    },
    {
      "id": "sensible:desert_swamp",
      "required": false
    },
    {
      "id": "terralith:desert_oasis",
      "required": false
    },
    {
      "id": "terralith:desert_spires",
      "required": false
    },
    {
      "id": "terralith:lush_desert",
      "required": false
    },
    {
      "id": "terralith:sandstone_valley",
      "required": false
    },
    {
      "id": "terralith:ancient_sands",
      "required": false
    },
    {
      "id": "terralith:desert_canyon",
      "required": false
    },
    {
      "id": "terrestria:volcanic_island",
      "required": false
    },
    {
      "id": "terrestria:lush_desert",
      "required": false
    },
    {
      "id": "terrestria:oasis",
      "required": false
    },
    {
      "id": "terrestria:canyon",
      "required": false
    },
    {
      "id": "terrestria:dunes",
      "required": false
    },
    {
      "id": "traverse:desert_shrubland",
      "required": false
    },
    {
      "id": "wilderwild:oasis",
      "required": false
    },
    {
      "id": "wythers:deep_desert",
      "required": false
    },
    {
      "id": "wythers:wooded_desert",
      "required": false
    },
    {
      "id": "wythers:desert_lakes",
      "required": false
    },
    {
      "id": "wythers:desert_island",
      "required": false
    }
  ]
}
