{
  "values": [
    "#minecraft:has_structure/village_savanna",
    "#minecraft:is_savanna",
    "minecraft:savanna",
    "minecraft:savanna_plateau",
    "minecraft:windswept_savanna",
    {
      "id": "biomesoplenty:scrubland",
      "required": false
    },
    {
      "id": "biomesoplenty:shrubland",
      "required": false
    },
    {
      "id": "biomesoplenty:rocky_shrubland",
      "required": false
    },
    {
      "id": "biomesoplenty:dryland",
      "required": false
    },
    {
      "id": "biomesoplenty:wooded_scrubland",
      "required": false
    },
    {
      "id": "biomeswevegone:araucaria_savanna",
      "required": false
    },
    {
      "id": "biomeswevegone:baobab_savanna",
      "required": false
    },
    {
      "id": "biomeswevegone:firecracker_shrubland",
      "required": false
    },
    {
      "id": "biomeswevegone:ironwood_gour",
      "required": false
    },
    {
      "id": "blooming_biosphere:chaparral",
      "required": false
    },
    {
      "id": "cynic:savanna_strand",
      "required": false
    },
    {
      "id": "cynic:verdant_savanna",
      "required": false
    },
    {
      "id": "jermsy:shrubland",
      "required": false
    },
    {
      "id": "projectvibrantjourneys:baobab_fields",
      "required": false
    },
    {
      "id": "regions_unexplored:baobab_savanna",
      "required": false
    },
	  {
      "id": "regions_unexplored:barley_fields",
      "required": false
    },
	  {
      "id": "regions_unexplored:dry_bushland",
      "required": false
    },
	  {
      "id": "regions_unexplored:steppe",
      "required": false
    },
    {
      "id": "sensible:savanna_plains",
      "required": false
    },
    {
      "id": "sensible:savanna_forest",
      "required": false
    },
    {
      "id": "sensible:savanna_jungle",
      "required": false
    },
    {
      "id": "sensible:warm_woodland",
      "required": false
    },
    {
      "id": "regions_unexplored:shrubland",
      "required": false
    },
    {
      "id": "terrestria:outback",
      "required": false
    },
    {
      "id": "terralith:arid_highlands",
      "required": false
    },    
    {
      "id": "terralith:ashen_savanna",
      "required": false
    },
    {
      "id": "terralith:fractured_savanna",
      "required": false
    },
    {
      "id": "terralith:savanna_badlands",
      "required": false
    },
    {
      "id": "terralith:savanna_slopes",
      "required": false
    },
    {
      "id": "terralith:brushland",
      "required": false
    },
    {
      "id": "terralith:shrubland",
      "required": false
    },
    {
      "id": "terralith:hot_shrubland",
      "required": false
    },
    {
      "id": "terralith:shrubland",
      "required": false
    },
    {
      "id": "terralith:white_mesa",
      "required": false
    },
    {
      "id": "wilderwild:arid_savanna",
      "required": false
    },
    {
      "id": "wythers:dry_savanna",
      "required": false
    },
    {
      "id": "wythers:flooded_savanna",
      "required": false
    },
    {
      "id": "wythers:wooded_savanna",
      "required": false
    },
    {
      "id": "wythers:eucalyptus_salubris_woodland",
      "required": false
    },
    {
      "id": "wythers:eucalyptus_woodland",
      "required": false
    },
    {
      "id": "wythers:sparse_eucalyptus_woodland",
      "required": false
    }

  ]
}
