{ 
	"values": 
    [
        "minecraft:forest",
        "minecraft:windswept_forest",
        "minecraft:flower_forest",
        {
            "id": "biomesoplenty:old_growth_woodland",
            "required": false
        },
        {
            "id": "biomesoplenty:orchard",
            "required": false
        },
        {
            "id": "biomesoplenty:seasonal_forest",
            "required": false
        },
        {
            "id": "biomesoplenty:woodland",
            "required": false
        },
        {
            "id": "biomesoplenty:mediterranean_forest",
            "required": false
        },
        {
            "id": "biomesoplenty:boreal_forest",
            "required": false
        },
        {
            "id": "biomeswevegone:forgotten_forest",
            "required": false
        },
        {
            "id": "biomeswevegone:weeping_witch_forest",
            "required": false
        },
        {
            "id": "biomeswevegone:red_oak_forest",
            "required": false
        },
        {
            "id": "biomeswevegone:orchard",
            "required": false
        },
        {
            "id": "biomeswevegone:ebony_woods",
            "required": false
        },
        {
            "id": "biomeswevegone:autumnal_forest",
            "required": false
        },
        {
            "id": "biomeswevegone:overgrowth_woodlands",
            "required": false
        },
        {
            "id": "biomeswevegone:temperate_grove",
            "required": false
        },
        {
            "id": "blooming_biosphere:autumnal_forest",
            "required": false
        },
        {
            "id": "blooming_biosphere:oak_woodland",
            "required": false
        },
        {
            "id": "cynic:forest_strand",
            "required": false
        },
        {
            "id": "cynic:old_growth_forest",
            "required": false
        },
        {
            "id": "cynic:snowy_forest",
            "required": false
        },
        {
            "id": "cynic:arboretum",
            "required": false
        },
        {
            "id": "clifftree:sparse_forest",
            "required": false
        },
        {
            "id": "hybrid_beta:seasonal_forest",
            "required": false
        },
        {
            "id": "hybrid_beta:temperate_rainforest",
            "required": false
        },
        {
            "id": "hybrid_beta:autumnal_forest",
            "required": false
        },
        {
            "id": "jermsy:sparse_forest",
            "required": false
        },
        {
            "id": "promenade:carnelian_treeway",
            "required": false
        },
        {
            "id": "regions_unexplored:deciduous_forest",
            "required": false
        },
        {
            "id": "regions_unexplored:willow_forest",
            "required": false
        },
        {
            "id": "regions_unexplored:autumnal_maple_forest",
            "required": false
        },      
        {
            "id": "sensible:cold_woodland",
            "required": false
        },
        {
            "id": "sensible:oak_forest",
            "required": false
        },
        {
            "id": "sensible:oak_pine_forest",
            "required": false
        },
        {
            "id": "sensible:woodland",
            "required": false
        },
        {
            "id": "terralith:cloud_forest",
            "required": false
        },  
        {
            "id": "terralith:snowy_maple_forest",
            "required": false
        },
        {
            "id": "terralith:forested_highlands",
            "required": false
        },
        {
            "id": "terrestria:cypress_forest",
            "required": false
        },
        {
            "id": "terrestria:dense_woodlands",
            "required": false
        },
        {
            "id": "terrestria:japanese_maple_forest",
            "required": false
        },
        {
            "id": "traverse:autumnal_woods",
            "required": false
        },
        {
            "id": "traverse:woodlands",
            "required": false
        },
        {
            "id": "traverse:coniferous_forest",
            "required": false
        },
        {
            "id": "wilderwild:temperate_rainforest",
            "required": false
        },
        {
            "id": "wilderwild:mixed_forest",
            "required": false
        },
        {
            "id": "wythers:ancient_copper_beech_forest",
            "required": false
        },
        {
            "id": "wythers:ancient_emerald_beech_forest",
            "required": false
        },
        {
            "id": "wythers:ancient_golden_beech_forest",
            "required": false
        },
        {
            "id": "wythers:autumnal_forest",
            "required": false
        },
        {
            "id": "wythers:cool_forest",
            "required": false
        },
        {
            "id": "wythers:ancient_moss_forest",
            "required": false
        },
        {
            "id": "wythers:forest_edge",
            "required": false
        },
        {
            "id": "wythers:flowering_pantanal",
            "required": false
        },
        {
            "id": "wythers:spring_flower_forest",
            "required": false
        },
        {
            "id": "wythers:autumnal_flower_forest",
            "required": false
        },
        {
            "id": "wythers:wistman_woods",
            "required": false
        },
        {
            "id": "wythers:autumnal_forest_edge",
            "required": false
        },
        {
            "id": "wythers:flooded_temperate_rainforest",
            "required": false
        }

	]
}