{
  "values": [
    "#minecraft:has_structure/village_plains",
    "minecraft:plains",
    "minecraft:meadow",
    "minecraft:sunflower_plains",
    {
      "id": "biomesoplenty:grassland",
      "required": false
    },
    {
      "id": "biomesoplenty:mediterranean_forest",
      "required": false
    },
    {
      "id": "biomesoplenty:prairie",
      "required": false
    },
    {
      "id": "biomesoplenty:origin_valley",
      "required": false
    },
    {
      "id": "biomesoplenty:shrubland",
      "required": false
    },
    {
      "id": "biomesoplenty:clover_patch",
      "required": false
    },
    {
      "id": "biomesoplenty:field",
      "required": false
    },
    {
      "id": "biomesoplenty:highland",
      "required": false
    },
    {
      "id": "biomeswevegone:prairie",
      "required": false
    },
    {
      "id": "biomeswevegone:allium_fields",
      "required": false
    },
    {
      "id": "cynic:boreal_plains",
      "required": false
    },
    {
      "id": "cynic:arid_plains",
      "required": false
    },
    {
      "id": "jermsy:flower_fields",
      "required": false
    },
    {
      "id": "regions_unexplored:highland_fields",
      "required": false
    },
    {
      "id": "regions_unexplored:alpha_grove",
      "required": false
    },
    {
      "id": "regions_unexplored:barley_fields",
      "required": false
    },
    {
      "id": "regions_unexplored:flower_field",
      "required": false
    },
    {
      "id": "regions_unexplored:pumpkin_fields",
      "required": false
    },
    {
      "id": "regions_unexplored:meadow",
      "required": false
    },
    {
      "id": "regions_unexplored:autumnal_fields",
      "required": false
    },
    {
      "id": "sensible:swamp_plains",
      "required": false
    },
    {
      "id": "sensible:shrubland",
      "required": false
    },
    {
      "id": "terralith:alpha_islands",
      "required": false
    },
    {
      "id": "terralith:blooming_plateau",
      "required": false
    },
    {
      "id": "terralith:temperate_highlands",
      "required": false
    },
    {
      "id": "terralith:brushland",
      "required": false
    },
    {
      "id": "terralith:highlands",
      "required": false
    },
    {
      "id": "terralith:steppe",
      "required": false
    },
    {
      "id": "terralith:alpine_highlands",
      "required": false
    },
    {
      "id": "terralith:shrubland",
      "required": false
    },
    {
      "id": "traverse:grasslands",
      "required": false
    },
    {
      "id": "traverse:flatlands",
      "required": false
    },
    {
      "id": "wilderwild:flower_field",
      "required": false
    },
    {
      "id": "wythers:autumnal_plains",
      "required": false
    },
    {
      "id": "wythers:cool_plains",
      "required": false
    },
    {
      "id": "wythers:cold_plains",
      "required": false
    },
    {
      "id": "wythers:highland_plains",
      "required": false
    },
    {
      "id": "wythers:highlands",
      "required": false
    },
    {
      "id": "wythers:harvest_fields",
      "required": false
    },
    {
      "id": "wythers:subtropical_grassland",
      "required": false
    },
    {
      "id": "wythers:jade_highlands",
      "required": false
    },
    {
      "id": "wythers:temperate_island",
      "required": false
    },
    {
      "id": "wythers:mediterranean_island",
      "required": false
    }
  ]
}
