{
    "type": "minecraft:entity",
  "random_sequence": "minecraft:entities/armor_stand",
  "pools": [
    {
        "rolls": {
            "type": "constant",
            "value": 1
        },
        "entries": [
            {
                "type": "item",
                "name": "stick",
                "functions": [
                    {
                        "function": "set_count",
                        "count": 2
                    }
                ],
                "conditions": [
                    {
                        "condition": "entity_properties",
                        "entity": "this",
                        "predicate": {
                            "nbt": "{\"ShowArms\": 1b}"
                        }
                    }
                ]
            }
        ]
    }
  ]
}