{
  "fallback": "deeper_dark:ancient_fortress/walls_end",
  "elements": [
    {
      "weight": 10,
      "element": {
        "element_type": "minecraft:single_pool_element",
        "projection": "rigid",
        "location": "deeper_dark:ancient_fortress/wall_1",
        "processors": "deeper_dark:ancient_fortress_wall"
      }
    },
    {
      "weight": 1,
      "element": {
        "element_type": "minecraft:single_pool_element",
        "projection": "rigid",
        "location": "deeper_dark:ancient_fortress/wall_end_1",
        "processors": "deeper_dark:ancient_fortress_wall"
      }
    }
  ]
}
