{ 
	"values": [
	"#minecraft:has_structure/woodland_mansion",
	"minecraft:dark_forest",
	  {
		"id": "biomeswevegone:ancient_forest",
		"required": false
	  },
	  {
		"id": "biomeswevegone:ebony_woods",
		"required": false
	  },    
	  {
		"id": "biomesoplenty:ominous_woods",
		"required": false
	  },
	  {
		"id": "cynic:snowy_dark_forest",
		"required": false
	  },
	  {
		"id": "cynic:dark_forest_river",
		"required": false
	  },
	  {
		"id": "regions_unexplored:blackwood_forest",
		"required": false
	  },
	  {
		"id": "regions_unexplored:golden_boreal_forest",
		"required": false
	  },
	  {
		"id": "regions_unexplored:maple_forest",
		"required": false
	  },
	  {
		"id": "regions_unexplored:redwoods",
		"required": false
	  },
	  {
		"id": "regions_unexplored:smouldering_woodland",
		"required": false
	  },
	  {
		"id": "regions_unexplored:sparse_redwoods",
		"required": false
	  },
	  {
		"id": "terralith:mirage_isles",
		"required": false
	  },
	  {
		"id": "wythers:ancient_moss_forest",
		"required": false
	  },
	  {
		"id": "wythers:deep_dark_forest",
		"required": false
	  },
	  {
		"id": "wythers:forbidden_forest",
		"required": false
	  },
	  {
		"id": "wythers:phantasmal_forest",
		"required": false
	  },
	  {
		"id": "wythers:phantasmal_swamp",
		"required": false
	  }
	]
}