{ 
	"values": [
		"minecraft:mangrove_swamp",
		{
			"id": "sensible:mangrove_jungle",
			"required": false
		},
		{
		  "id": "wythers:tangled_forest",
		  "required": false
		},
		{
		  "id": "wythers:coastal_mangroves",
		  "required": false
		},
		{
		  "id": "wythers:bamboo_swamp",
		  "required": false
		},
		{
		  "id": "wythers:bayou",
		  "required": false
		},
		{
		  "id": "wythers:berry_bog",
		  "required": false
		},
		{
		  "id": "wythers:dripleaf_swamp",
		  "required": false
		},
		{
		  "id": "wythers:autumnal_swamp",
		  "required": false
		}


	]
}