{ 
	"values": [
	"#minecraft:is_jungle",
	"minecraft:sparse_jungle",
	"minecraft:jungle",
	"minecraft:bamboo_jungle",
	{
		"id": "biomesoplenty:floodplain",
		"required": false
	},
	{
		"id": "biomesoplenty:fungal_jungle",
		"required": false
	},
	{
		"id": "biomesoplenty:rainforest",
		"required": false
	},
	{
		"id": "biomesoplenty:tropics",
		"required": false
	},
	{
		"id": "biomesoplenty:rocky_rainforest",
		"required": false
	},
	{
		"id": "biomeswevegone:jacaranda_jungle",
		"required": false
	},
	{
		"id": "biomeswevegone:tropical_rainforest",
		"required": false
	},
	{
		"id": "biomeswevegone:enchanted_tangle",
		"required": false
	},
	{
		"id": "blooming_biosphere:rainforest",
		"required": false
	},
	{
		"id": "clifftree:tropical_river",
		"required": false
	},
	{
		"id": "cynic:jungle_strand",
		"required": false
	},
	{
		"id": "hybrid_beta:rainforest",
		"required": false
	},
	{
		"id": "jermsy:rainforest",
		"required": false
	},
	{
    	"id": "regions_unexplored:bamboo_forest",
      	"required": false
    },
	{
      	"id": "regions_unexplored:eucalyptus_forest",
      	"required": false
    },
	{
      	"id": "regions_unexplored:old_growth_rainforest",
      	"required": false
    },
	{
      	"id": "regions_unexplored:rainforest",
      	"required": false
    },
	{
      	"id": "regions_unexplored:tropics",
      	"required": false
    },
	{
		"id": "sensible:bamboo_swamp",
		"required": false
	},
	{
		"id": "sensible:jungle_swamp",
		"required": false
	},
	{
		"id": "sensible:jungle_woodland",
		"required": false
	},
	{
		"id": "sensible:jungle_forest",
		"required": false
	},
	{
		"id": "sensible:mangrove_jungle",
		"required": false
	},
	{
		"id": "sensible:pine_jungle",
		"required": false
	},
	{
		"id": "sensible:savanna_jungle",
		"required": false
	},
	{
		"id": "terralith:jungle_mountains",
		"required": false
	},
	{
		"id": "terralith:rocky_jungle",
		"required": false
	},
	{ 
		"id": "terralith:tropical_jungle",
		"required": false
	},
	{
		"id": "terralith:amethyst_rainforest",
		"required": false
	},
	{
		"id": "terrestria:rainbow_rainforest",
		"required": false
	},
	{
		"id": "wythers:sandy_jungle",
		"required": false
	},
	{
		"id": "wythers:sparse_bamboo_jungle",
		"required": false
	},
	{
		"id": "wythers:sparse_eucalyptus_jungle",
		"required": false
	},
	{
		"id": "wythers:tropical_forest",
		"required": false
	},
	{
		"id": "wythers:tropical_island",
		"required": false
	},
	{
		"id": "wythers:eucalyptus_deanei_forest",
		"required": false
	},
	{
		"id": "wythers:eucalyptus_jungle",
		"required": false
	},
	{
		"id": "wythers:highland_tropical_rainforest",
		"required": false
	},
	{
		"id": "wythers:jungle_island",
		"required": false
	},
	{
		"id": "wythers:tropical_rainforest",
		"required": false
	},
	{
		"id": "wythers:flooded_jungle",
		"required": false
	},
	{
		"id": "wythers:flooded_rainforest",
		"required": false
	},
	{
		"id": "wythers:humid_tropical_grassland",
		"required": false
	},  
	{
		"id": "wythers:jacaranda_savanna",
		"required": false
	},
	{
		"id": "wythers:lapacho_plains",
		"required": false
	},        
	{
		"id": "wythers:subtropical_forest",
		"required": false
	},
	{
		"id": "wythers:subtropical_forest_edge",
		"required": false
	},
	{
		"id": "wythers:subtropical_grassland",
		"required": false
	},
	{
		"id": "wythers:tropical_grassland",
		"required": false
	}



]
}