{
    "values": [
        {
            "id": "biomeswevegone:cika_woods",
            "required": false
        },
        {
            "id": "biomeswevegone:pumpkin_valley",
            "required": false
        },
        {
            "id": "biomesoplenty:pumpkin_patch",
            "required": false
        },
        {
            "id": "promenade:pumpkin_pastures",
            "required": false
        },
        {
            "id": "regions_unexplored:pumpkin_fields",
            "required": false
        }
    ]
}