{
  "values": [
    "#minecraft:has_structure/village_snowy",
    "#minecraft:spawns_snow_foxes",
    "#minecraft:has_structure/igloo",
    "minecraft:snowy_plains",
    "minecraft:ice_spikes", 
    "minecraft:frozen_ocean", 
    "minecraft:snowy_taiga", 
    "minecraft:frozen_river", 
    "minecraft:snowy_beach", 
    "minecraft:frozen_peaks", 
    "minecraft:jagged_peaks", 
    "minecraft:snowy_slopes", 
    "minecraft:grove",
    {
      "id": "biomesoplenty:cold_desert",
      "required": false
    },
    {
      "id": "biomesoplenty:snowy_fir_clearing",
      "required": false
    },
    {
      "id": "biomesoplenty:snowy_maple_woods",
      "required": false
    },
    {
      "id": "biomesoplenty:snowy_coniferous_forest",
      "required": false
    },
    {
      "id": "biomesoplenty:muskeg",
      "required": false
    },
    {
      "id": "biomesoplenty:rainbow_hills",
      "required": false
    },
    {
      "id": "biomeswevegone:eroded_borealis",
      "required": false
    },
    {
      "id": "biomeswevegone:frosted_taiga",
      "required": false
    },
    {
      "id": "biomeswevegone:frosted_coniferous_forest",
      "required": false
    },
    {
      "id": "biomeswevegone:howling_peaks",
      "required": false
    },
    {
      "id": "biomeswevegone:shattered_glacier",
      "required": false
    },
    {
      "id": "blooming_biosphere:snowy_cherry_grove",
      "required": false
    },
    {
      "id": "clifftree:tundra",
      "required": false
    },
    {
      "id": "clifftree:glacier_valley",
      "required": false
    },
    {
      "id": "clifftree:snowy_old_growth_taiga",
      "required": false
    },
    {
      "id": "clifftree:glacier_cliff",
      "required": false
    },
    {
      "id": "clifftree:snowy_diorite_shore",
      "required": false
    },
    {
      "id": "clifftree:frozen_caves",
      "required": false
    },
    {
      "id": "cynic:snowy_forest",
      "required": false
    },
    {
      "id": "cynic:snowy_dark_forest",
      "required": false
    },
    {
      "id": "jermsy:tundra",
      "required": false
    },
    {
      "id": "projectvibrantjourneys:snowy_boreal_forest",
      "required": false
    },
    {
      "id": "promenade:glacarian_taiga",
      "required": false
    },
    {
      "id": "projectvibrantjourneys:snowy_redwoods",
      "required": false
    },
    {
      "id": "regions_unexplored:cold_boreal_forest",
      "required": false
    },
    {
      "id": "regions_unexplored:cold_forest",
      "required": false
    },
	  {
      "id": "regions_unexplored:cold_deciduous_forest",
      "required": false
    },
	  {
      "id": "regions_unexplored:frozen_forest",
      "required": false
    },
	  {
      "id": "regions_unexplored:frozen_tundra",
      "required": false
    },
	  {
      "id": "regions_unexplored:icy_desert",
      "required": false
    },
	  {
      "id": "regions_unexplored:icy_heights",
      "required": false
    },
	  {
      "id": "regions_unexplored:spires",
      "required": false
    },
    {
      "id": "regions_unexplored:temperate_grove",
      "required": false
    },
    {
      "id": "sensible:snowy_woodland",
      "required": false
    },
    {
      "id": "sensible:cold_plains",
      "required": false
    },
    {
      "id": "sensible:cold_shrubland",
      "required": false
    },
    {
      "id": "terralith:glacial_chasm",
      "required": false
    },
    {
      "id": "terralith:forested_highlands",
      "required": false
    },
    {
      "id": "terralith:shield",
      "required": false
    },
    {
      "id": "terralith:shield_clearing",
      "required": false
    },
    {
      "id": "terralith:ice_marsh",
      "required": false
    },
    {
      "id": "terralith:siberian_grove",
      "required": false
    },
    {
      "id": "terralith:siberian_taiga",
      "required": false
    },
    {
      "id": "terralith:snowy_badlands",
      "required": false
    },
    {
      "id": "terralith:snowy_maple_forest",
      "required": false
    },
    {
      "id": "terralith:snowy_shield",
      "required": false
    },
    {
      "id": "terralith:wintry_forest",
      "required": false
    },
    {
      "id": "terralith:wintry_lowlands",
      "required": false
    },
    {
      "id": "terralith:alpine_grove",
      "required": false
    },
    {
      "id": "terralith:frozen_cliffs",
      "required": false
    },
    {
      "id": "terralith:cold_shrubland",
      "required": false
    },
    {
      "id": "terralith:emerald_peaks",
      "required": false
    },
    {
      "id": "terralith:rocky_shrubland",
      "required": false
    },
    {
      "id": "terralith:skylands_winter",
      "required": false
    },
    {
      "id": "terralith:snowy_cherry_grove",
      "required": false
    },
    {
      "id": "terralith:scarlet_mountains",
      "required": false
    },
    {
      "id": "terrestria:snowy_hemlock_forest",
      "required": false
    },
    {
      "id": "terrestria:snowy_hemlock_treeline",
      "required": false
    },
    {
      "id": "terrestria:caldera",
      "required": false
    },
    {
      "id": "traverse:snowy_coniferous_forest",
      "required": false
    },
    {
      "id": "wythers:snowy_bog",
      "required": false
    },
    {
      "id": "wythers:snowy_tundra",
      "required": false
    },
    {
      "id": "wythers:ice_cap",
      "required": false
    },
    {
      "id": "wythers:snowy_fen",
      "required": false
    },
    {
      "id": "wythers:snowy_thermal_taiga",
      "required": false
    },
    {
      "id": "wythers:deep_snowy_taiga",
      "required": false
    },
    {
      "id": "wythers:ice_cap",
      "required": false
    },
    {
      "id": "wythers:berry_bog",
      "required": false
    },
    {
      "id": "wythers:crimson_tundra",
      "required": false
    },
    {
      "id": "wythers:frigid_island",
      "required": false
    },
    {
      "id": "wythers:frozen_island",
      "required": false
    },
    {
      "id": "wythers:tundra",
      "required": false
    }
  ]
}
