{ 
	"values": [
		"#minecraft:is_end",
		"minecraft:end_highlands",
        "minecraft:end_barrens",
		"minecraft:end_midlands",
		"minecraft:small_end_islands",
		"minecraft:the_end",
		{
			"id": "betterend:amber_land",
			"required": false
		},
		{
			"id": "betterend:blossoming_spires",
			"required": false
		},
		{
			"id": "betterend:chorus_forest",
			"required": false
		},
		{
			"id": "betterend:crystal_mountains",
			"required": false
		},
		{
			"id": "betterend:dragon_graveyards",
			"required": false
		},
		{
			"id": "betterend:dry_shrubland",
			"required": false
		},
		{
			"id": "betterend:dust_wasteland",
			"required": false
		},
		{
			"id": "betterend:empty_aurora_cave",
			"required": false
		},
		{
			"id": "betterend:empty_end_cave",
			"required": false
		},
		{
			"id": "betterend:empty_smaragdant_cave",
			"required": false
		},
		{
			"id": "betterend:foggy_mushroomland",
			"required": false
		},
		{
			"id": "betterend:glowing_grassland",
			"required": false
		},
		{
			"id": "betterend:jade_cave",
			"required": false
		},
		{
			"id": "betterend:lantern_woods",
			"required": false
		},
		{
			"id": "betterend:lush_aurora_cave",
			"required": false
		},
		{
			"id": "betterend:lush_smaragdant_cave",
			"required": false
		},
		{
			"id": "betterend:megalake",
			"required": false
		},
		{
			"id": "betterend:megalake_grove",
			"required": false
		},
		{
			"id": "betterend:neon_oasis",
			"required": false
		},
		{
			"id": "betterend:painted_mountains",
			"required": false
		},
		{
			"id": "betterend:shadow_forest",
			"required": false
		},
		{
			"id": "betterend:sulphur_springs",
			"required": false
		},
		{
			"id": "betterend:umbra_valley",
			"required": false
		},
		{
			"id": "betterend:umbrella_jungle",
			"required": false
		},
		{
			"id": "betterend:ice_starfield",
			"required": false
		}
	]
}