{
  "description": {
    "translate": "enchantment.deeper_dark.undermine",
    "fallback": "Undermine",
    "color": "#007A8A"
  },
  "supported_items": "#minecraft:enchantable/mining",
  "weight": 3,
  "max_level": 5,
  "min_cost": {
    "base": 25,
    "per_level_above_first": 15
  },
  "max_cost": {
    "base": 75,
    "per_level_above_first": 15
  },
  "anvil_cost": 4,
  "slots": [
    "mainhand"
  ],
  "effects": {
    "minecraft:location_changed": [
      {
        "requirements": {
          "condition": "minecraft:any_of",
          "terms": [
            {
              "condition": "minecraft:location_check",
              "predicate": {
                "dimension": "deeper_dark:deeper_dark"
              }
            },
            {
              "condition": "minecraft:location_check",
              "predicate": {
                "position": {
                  "y": {
                    "max": 1
                  }
                }
              }
            }
          ]
        },
        "effect": {
          "type": "minecraft:attribute",
          "attribute": "minecraft:block_break_speed",
          "id": "deeper_dark:enchantment.undermine",
          "amount": {
            "type": "minecraft:linear",
            "base": 0.6,
            "per_level_above_first": 0.6
          },
          "operation": "add_value"
        }
      }
    ]
  }
}