{
	"type": "minecraft:jigsaw",
	"start_pool": "nova_structures:desert_temple/desert_temple_start",
	"biomes": "#minecraft:has_structure/desert_pyramid",
	"project_start_to_heightmap": "WORLD_SURFACE_WG",
	"liquid_settings": "ignore_waterlogging",
	"start_height": {
		"absolute": -6
	},
	"dimension_padding": {"bottom":3,"top":195},
	"spawn_overrides": {
    "monster": {
      "bounding_box": "piece",
      "spawns": []
    }
  },
	"step": "surface_structures",
	"use_expansion_hack": false,
	"max_distance_from_center": 128,
	"size": 5,
	"terrain_adaptation": "none"
}