{
    "pools": [
        {
            "rolls": {
                "min": 3,
                "max": 5
            },
            "entries": [
                {
                    "type": "minecraft:item",
                    "name": "minecraft:cobbled_deepslate",
                    "weight": 70,
                    "functions": [
                        {
                            "function": "minecraft:set_count",
                            "count": {
                                "min": 7,
                                "max": 12
                            }
                        }
                    ]
                },
                {
                    "type": "minecraft:item",
                    "name": "minecraft:raw_iron",
                    "weight": 50,
                    "functions": [
                        {
                            "function": "minecraft:set_count",
                            "count": {
                                "min": 1,
                                "max": 3
                            }
                        }
                    ]
                },
                {
                    "type": "minecraft:item",
                    "name": "minecraft:raw_gold",
                    "weight": 20,
                    "functions": [
                        {
                            "function": "minecraft:set_count",
                            "count": {
                                "min": 1,
                                "max": 3
                            }
                        }
                    ]
                },
                {
                    "type": "minecraft:item",
                    "name": "minecraft:emerald",
                    "weight": 60,
                    "functions": [
                        {
                            "function": "minecraft:set_count",
                            "count": {
                                "min": 1,
                                "max": 3
                            }
                        }
                    ]
                },
                {
                    "type": "minecraft:item",
                    "name": "minecraft:iron_nugget",
                    "weight": 60,
                    "functions": [
                        {
                            "function": "minecraft:set_count",
                            "count": {
                                "min": 3,
                                "max": 7
                            }
                        }
                    ]
                },
                {
                    "type": "minecraft:item",
                    "name": "minecraft:chain",
                    "weight": 40,
                    "functions": [
                        {
                            "function": "minecraft:set_count",
                            "count": {
                                "min": 2,
                                "max": 4
                            }
                        }
                    ]
                },
                {
                    "type": "minecraft:item",
                    "name": "minecraft:coal",
                    "weight": 60,
                    "functions": [
                        {
                            "function": "minecraft:set_count",
                            "count": {
                                "min": 1,
                                "max": 7
                            }
                        }
                    ]
                }
            ]
        },
        {
            "rolls": {
                "min": 2,
                "max": 3
            },
            "entries": [
                {
                    "type": "minecraft:item",
                    "name": "minecraft:iron_ingot",
                    "weight": 60,
                    "functions": [
                        {
                            "function": "minecraft:set_count",
                            "count": {
                                "min": 1,
                                "max": 4
                            }
                        }
                    ]
                },
                {
                    "type": "minecraft:item",
                    "name": "minecraft:obsidian",
                    "weight": 60,
                    "functions": [
                        {
                            "function": "minecraft:set_count",
                            "count": {
                                "min": 5,
                                "max": 9
                            }
                        }
                    ]
                },
                {
                    "type": "minecraft:item",
                    "name": "minecraft:diamond",
                    "weight": 40,
                    "functions": [
                        {
                            "function": "minecraft:set_count",
                            "count": {
                                "min": 1,
                                "max": 3
                            }
                        }
                    ]
                },
                {
                    "type": "minecraft:item",
                    "name": "minecraft:emerald_block",
                    "weight": 10
                },
                {
                    "type": "minecraft:item",
                    "name": "minecraft:gold_ingot",
                    "weight": 30,
                    "functions": [
                        {
                            "function": "minecraft:set_count",
                            "count": {
                                "min": 1,
                                "max": 3
                            }
                        }
                    ]
                }
            ]
        },
        {
            "rolls": {
                "min": 0,
                "max": 3
            },
            "entries": [
                {
                    "type": "minecraft:item",
                    "name": "minecraft:carved_pumpkin",
                    "weight": 50
                },
                {
                    "type": "minecraft:item",
                    "name": "minecraft:lantern",
                    "weight": 50,
                    "functions": [
                        {
                            "function": "minecraft:set_count",
                            "count": {
                                "min": 1,
                                "max": 3
                            }
                        }
                    ]
                },
                {
                    "type": "minecraft:item",
                    "name": "minecraft:dark_oak_sapling",
                    "weight": 30,
                    "functions": [
                        {
                            "function": "minecraft:set_count",
                            "count": {
                                "min": 2,
                                "max": 4
                            }
                        }
                    ]
                },
                {
                    "type": "minecraft:item",
                    "name": "minecraft:oak_sapling",
                    "weight": 50
                },
                {
                    "type": "minecraft:item",
                    "name": "minecraft:apple",
                    "weight": 40,
                    "functions": [
                        {
                            "function": "minecraft:set_count",
                            "count": {
                                "min": 1,
                                "max": 2
                            }
                        }
                    ]
                },
                {
                    "type": "minecraft:item",
                    "name": "minecraft:golden_apple",
                    "weight": 20
                },
                {
                    "type": "minecraft:item",
                    "name": "minecraft:enchanted_golden_apple",
                    "weight": 1
                },
                {
                    "type": "minecraft:item",
                    "name": "minecraft:sentry_armor_trim_smithing_template",
                    "weight": 10,
                    "functions": [
                        {
                            "function": "minecraft:set_count",
                            "count": {
                                "min": 1,
                                "max": 2
                            }
                        }
                    ]
                }
            ]
        }
    ]
}