{
  "name": "crazy_chambers:spawner/rare_spawner",
  "fallback": "minecraft:empty",
  "elements": [
    
    {
      "weight": 10,
      "element": {
        "location": "crazy_chambers:spawner/witch",
        "processors": "minecraft:empty",
		"projection": "rigid",
        "element_type": "minecraft:single_pool_element"
      }
    },
    {
      "weight": 10,
      "element": {
        "location": "crazy_chambers:spawner/iron_golem",
        "processors": "minecraft:empty",
		"projection": "rigid",
        "element_type": "minecraft:single_pool_element"
      }
    }
  ]
}