{
  "name": "crazy_chambers:spawner/small_spawner",
  "fallback": "minecraft:empty",
  "elements": [
    
    {
      "weight": 10,
      "element": {
        "location": "crazy_chambers:spawner/spider",
        "processors": "minecraft:empty",
		"projection": "rigid",
        "element_type": "minecraft:single_pool_element"
      }
    },
    {
      "weight": 5,
      "element": {
        "location": "crazy_chambers:spawner/cave_spider",
        "processors": "minecraft:empty",
		"projection": "rigid",
        "element_type": "minecraft:single_pool_element"
      }
    },
    {
      "weight": 10,
      "element": {
        "location": "crazy_chambers:spawner/silverfish",
        "processors": "minecraft:empty",
		"projection": "rigid",
        "element_type": "minecraft:single_pool_element"
      }
    },
    {
      "weight": 10,
      "element": {
        "location": "crazy_chambers:spawner/slime",
        "processors": "minecraft:empty",
		"projection": "rigid",
        "element_type": "minecraft:single_pool_element"
      }
    }
  ]
}