{
    "type": "crafting_shapeless",
    
    "ingredients": [
        "#qol_recipes:glass_pane",
        "glow_item_frame"
    ],

    "result": {
        "id": "glow_item_frame",
        "components": {
            "item_name": "\"Diaphanous Glow Item Frame\"",
            "rarity": "uncommon",
            "enchantment_glint_override": true,
            "entity_data": {
                "id": "glow_item_frame",
                "Invisible": true,
                "Glowing": false,
                "Tags": [
                    "qol.diaphanous"
                ]
            }
        }
    }
}