{
  "feature": {
    "type": "minecraft:random_patch",
    "config": {
      "tries": 64,
      "xz_spread": 8,
      "y_spread": 8,
      "feature": {
        "feature": {
          "type": "minecraft:block_column",
          "config": {
            "direction": "up",
            "allowed_placement": {
              "type": "minecraft:matching_blocks",
              "blocks": [
                "minecraft:amethyst_block",
                "minecraft:air"
              ]
            },
            "prioritize_tip": false,
            "layers": [
              {
                "height": 1,
                "provider": {
                  "type": "minecraft:simple_state_provider",
                  "state": {
                    "Name": "minecraft:budding_amethyst"
                  }
                }
              },
              {
                "height": 1,
                "provider": {
                  "type": "minecraft:weighted_state_provider",
                  "entries": [
                    {
                      "weight": 1,
                      "data": {
                        "Name": "minecraft:air"
                      }
                    },
                    {
                      "weight": 2,
                      "data": {
                        "Name": "minecraft:large_amethyst_bud"
                      }
                    },
                    {
                      "weight": 2,
                      "data": {
                        "Name": "minecraft:medium_amethyst_bud"
                      }
                    },
                    {
                      "weight": 2,
                      "data": {
                        "Name": "minecraft:small_amethyst_bud"
                      }
                    },
                    {
                      "weight": 4,
                      "data": {
                        "Name": "minecraft:amethyst_cluster"
                      }
                    }
                  ]
                }
              }
            ]
          }
        },
        "placement": [
          {
            "type": "minecraft:block_predicate_filter",
            "predicate": {
              "type": "minecraft:matching_blocks",
              "offset": [
                0,
                0,
                0
              ],
              "blocks": "minecraft:amethyst_block"
            }
          },
          {
            "type": "minecraft:block_predicate_filter",
            "predicate": {
              "type": "minecraft:matching_blocks",
              "offset": [
                0,
                1,
                0
              ],
              "blocks": [
                "minecraft:air",
                "minecraft:sculk_vein"
              ]
            }
          }
        ]
      }
    }
  },
  "placement": [
    {
      "type": "minecraft:count",
      "count": 128
    },
    {
      "type": "minecraft:in_square"
    },
    {
      "type": "minecraft:height_range",
      "height": {
        "type": "minecraft:uniform",
        "min_inclusive": {
          "above_bottom": 1
        },
        "max_inclusive": {
          "below_top": 1
        }
      }
    },
    {
      "type": "minecraft:biome"
    }
  ]
}
