{
  "feature": {
    "type": "minecraft:block_pile",
    "config": {
      "state_provider": {
        "type": "minecraft:simple_state_provider",
        "state": {
          "Name": "minecraft:sculk_catalyst"
        }
      }
    }
  },
  "placement": [
    {
      "type": "minecraft:count",
      "count": 15
    },
    {
      "type": "minecraft:in_square"
    },
    {
      "type": "minecraft:height_range",
      "height": {
        "type": "minecraft:uniform",
        "min_inclusive": {
          "above_bottom": 0
        },
        "max_inclusive": {
          "below_top": 16
        }
      }
    },
    {
      "type": "minecraft:biome"
    }
  ]
}