{
  "feature": {
    "type": "minecraft:block_column",
    "config": {
      "direction": "up",
      "allowed_placement": {
        "type": "minecraft:matching_block_tag",
        "offset": [
          0,
          -1,
          0
        ],
        "tag": "deeper_dark:structure_support_noclip"
      },
      "prioritize_tip": false,
      "layers": [
        {
          "height": 128,
          "provider": {
            "type": "minecraft:simple_state_provider",
            "state": {
              "Name": "minecraft:dark_oak_log"
            }
          }
        }
      ]
    }
  },
  "placement": [
    {
      "type": "minecraft:count",
      "count": 5
    },
    {
      "type": "minecraft:in_square"
    },
    {
      "type": "minecraft:height_range",
      "height": {
        "type": "minecraft:uniform",
        "min_inclusive": {
          "above_bottom": 0
        },
        "max_inclusive": {
          "below_top": 0
        }
      }
    },
    {
      "type": "minecraft:environment_scan",
      "direction_of_search": "down",
      "max_steps": 32,
      "target_condition": {
        "type": "minecraft:all_of",
        "predicates": [
          {
            "type": "minecraft:matching_block_tag",
            "tag": "deeper_dark:structure_support_noclip"
          },
          {
            "type": "minecraft:not",
            "predicate": {
              "type": "minecraft:matching_block_tag",
              "offset": [
                0,
                -1,
                0
              ],
              "tag": "deeper_dark:structure_support_noclip"
            }
          }
        ]
      },
      "allowed_search_condition": {
        "type": "minecraft:true"
      }
    },
    {
      "type": "minecraft:block_predicate_filter",
      "predicate": {
        "type": "minecraft:matching_blocks",
        "blocks": [
          "minecraft:air",
          "minecraft:sculk_vein"
        ]
      }
    }
  ]
}