{
  "feature": {
    "type": "minecraft:waterlogged_vegetation_patch",
    "config": {
      "surface": "floor",
      "depth": 1,
      "vertical_range": 6,
      "extra_bottom_block_chance": 0,
      "extra_edge_column_chance": 0.5,
      "vegetation_chance": 0,
      "xz_radius": 7,
      "replaceable": "#minecraft:deepslate_ore_replaceables",
      "ground_state": {
        "type": "minecraft:simple_state_provider",
        "state": {
          "Name": "minecraft:deepslate"
        }
      },
      "vegetation_feature": {
        "feature": {
          "type": "minecraft:no_op",
          "config": {}
        },
        "placement": []
      }
    }
  },
  "placement": [
    {
      "type": "minecraft:count",
      "count": 32
    },
    {
      "type": "minecraft:random_offset",
      "xz_spread": {
        "type": "minecraft:uniform",
        "min_inclusive": 7,
        "max_inclusive": 9
      },
      "y_spread": 0
    },
    {
      "type": "minecraft:height_range",
      "height": {
        "type": "minecraft:uniform",
        "min_inclusive": {
          "absolute": 0
        },
        "max_inclusive": {
          "below_top": 0
        }
      }
    },
    {
      "type": "minecraft:block_predicate_filter",
      "predicate": {
        "type": "minecraft:matching_blocks",
        "offset": [
          0,
          0,
          0
        ],
        "blocks": [
          "minecraft:deepslate"
        ]
      }
    },
    {
      "type": "minecraft:biome"
    }
  ]
}