{
  "feature": "deeper_dark:obsidian",
  "placement": [
    {
      "type": "minecraft:count",
      "count": 256
    },
    {
      "type": "minecraft:in_square"
    },
    {
      "type": "minecraft:height_range",
      "height": {
        "type": "minecraft:uniform",
        "max_inclusive": {
          "below_top": 0
        },
        "min_inclusive": {
          "above_bottom": 0
        }
      }
    },
    {
      "type": "minecraft:biome"
    },
    {
      "type": "minecraft:block_predicate_filter",
      "predicate": {
        "type": "minecraft:not",
        "predicate": {
          "type": "minecraft:all_of",
          "predicates": [
            {
              "type": "minecraft:matching_blocks",
              "offset": [
                8,
                8,
                8
              ],
              "blocks": "minecraft:obsidian"
            },
            {
              "type": "minecraft:matching_blocks",
              "offset": [
                -8,
                8,
                8
              ],
              "blocks": "minecraft:obsidian"
            },
            {
              "type": "minecraft:matching_blocks",
              "offset": [
                8,
                -8,
                8
              ],
              "blocks": "minecraft:obsidian"
            },
            {
              "type": "minecraft:matching_blocks",
              "offset": [
                -8,
                -8,
                8
              ],
              "blocks": "minecraft:obsidian"
            },
            {
              "type": "minecraft:matching_blocks",
              "offset": [
                8,
                8,
                -8
              ],
              "blocks": "minecraft:obsidian"
            },
            {
              "type": "minecraft:matching_blocks",
              "offset": [
                -8,
                8,
                -8
              ],
              "blocks": "minecraft:obsidian"
            },
            {
              "type": "minecraft:matching_blocks",
              "offset": [
                8,
                -8,
                -8
              ],
              "blocks": "minecraft:obsidian"
            },
            {
              "type": "minecraft:matching_blocks",
              "offset": [
                -8,
                -8,
                -8
              ],
              "blocks": "minecraft:obsidian"
            }
          ]
        }
      }
    },
    {
      "type": "minecraft:random_offset",
      "xz_spread": -4,
      "y_spread": -4
    }
  ]
}