{
  "feature": {
    "config": {
      "max_empty_corners_allowed": 7,
      "fossil_structures": [
        "deeper_dark:sculk_syphon"
      ],
      "overlay_structures": [
        "deeper_dark:empty"
      ],
      "fossil_processors": "minecraft:empty",
      "overlay_processors": "minecraft:empty"
    },
    "type": "minecraft:fossil"
  },
  "placement": [
    {
      "type": "minecraft:rarity_filter",
      "chance": 2
    },
    {
      "type": "minecraft:in_square"
    },
    {
      "type": "minecraft:height_range",
      "height": {
        "type": "minecraft:uniform",
        "max_inclusive": {
          "below_top": 0
        },
        "min_inclusive": {
          "above_bottom": 0
        }
      }
    },
    {
      "type": "minecraft:environment_scan",
      "direction_of_search": "down",
      "max_steps": 32,
      "allowed_search_condition": {
        "type": "minecraft:true"
      },
      "target_condition": {
        "type": "minecraft:matching_blocks",
        "offset": [
          0,
          1,
          0
        ],
        "blocks": "minecraft:sculk"
      }
    },
    {
      "type": "minecraft:random_offset",
      "xz_spread": 0,
      "y_spread": 16
    },
    {
      "type": "minecraft:biome"
    }
  ]
}