{
  "type": "minecraft:crafting_shaped",
  "pattern": [" E ", "ALA", "PPP"],
  "key": {
    "E": "minecraft:ender_eye",
    "A": "minecraft:amethyst_shard",
    "L": "minecraft:lodestone",
    "P": "minecraft:copper_block"
  },
  "result": {
    "id": "minecraft:player_head",
    "components": {
      "minecraft:custom_model_data": {
        "strings": ["pk_waystones:copper_waystone"]
      },
      "minecraft:lore": [
        {
          "color": "dark_gray",
          "italic": false,
          "fallback": "Copper Waystone",
          "translate": "item.pk_waystones.copper_waystone"
        }
      ],
      "minecraft:item_name": {
        "color": "yellow",
        "italic": false,
        "fallback": "Copper Waystone",
        "translate": "item.pk_waystones.copper_waystone"
      },
      "!minecraft:equippable": {},
      "minecraft:custom_data": {
        "pk_data": {
          "custom_block": 1,
          "id": "waystone",
          "from": "waystones",
          "variant": "copper",
          "version": 30405
        }
      },
      "minecraft:profile": {
        "properties": [
          {
            "name": "textures",
            "value": "eyJ0ZXh0dXJlcyI6eyJTS0lOIjp7InVybCI6Imh0dHBzOi8vdGV4dHVyZXMubWluZWNyYWZ0Lm5ldC90ZXh0dXJlL2Q0MGM2NzdmNzg3OGUwOTE0MTMyYmM1NDQ4Mzc2ZTdlZWRjOGQ3NGU5YWQzZTY3MmMzMjg1NTNkY2Q3NDQ3ZmQifX19"
          }
        ]
      }
    }
  }
}
