{
  "parent": "minecraft:recipes/root",
  "criteria": {
    "has_leather": {
      "trigger": "minecraft:inventory_changed",
      "conditions": {
        "items": [
          {
            "items": "#bundle:leather"
          }
        ]
      }
    },
    "has_the_recipe": {
      "trigger": "minecraft:recipe_unlocked",
      "conditions": {
        "recipe": "minecraft:bundle"
      }
    }
  },
  "requirements": [
    [
      "has_the_recipe",
      "has_leather"
    ]
  ],
  "rewards": {
    "recipes": [
      "minecraft:bundle",
      "minecraft:leather_bundle"
    ]
  }
}
